rank,confirm,min_move,mountain,entry,n_is,n_oos,oos_avg,oos_med,oos_win,oos_pf,oos_per_wk,oos_tick_pos,oos_total,oos_bars,is_avg,is_pf,thin
1.0,2,10.0,c,strict,286,170,11.24,-1.37,0.418,3.18,1.2,0.47,1910.4,12.7,4.87,2.06,False
2.0,2,10.0,b,strict,282,169,10.54,-1.68,0.42,3.32,1.19,0.47,1781.6,12.1,5.79,2.49,False
3.0,2,15.0,b,strict,225,114,9.31,-2.64,0.377,2.68,0.81,0.36,1061.2,11.5,5.16,2.19,False
4.0,5,10.0,a,strict,617,402,8.9,-2.7,0.386,2.7,2.84,0.49,3577.5,12.7,3.11,1.77,False
5.0,3,10.0,c,strict,333,214,8.87,-2.19,0.397,2.67,1.51,0.48,1898.9,12.5,4.44,1.97,False
6.0,3,10.0,b,strict,339,217,8.11,-2.33,0.406,2.68,1.53,0.43,1759.8,11.7,5.12,2.3,False
7.0,5,10.0,b,strict,408,266,7.7,-2.38,0.406,2.55,1.88,0.43,2048.2,11.5,5.06,2.27,False
8.0,2,10.0,a,strict,427,271,7.67,-1.87,0.413,2.57,1.91,0.48,2079.7,13.1,3.62,1.87,False
9.0,5,10.0,c,strict,397,245,7.36,-2.75,0.388,2.31,1.73,0.48,1804.1,12.3,3.88,1.87,False
10.0,2,5.0,b,strict,436,270,6.87,-2.43,0.389,2.45,1.91,0.44,1854.6,11.0,4.16,2.07,False
11.0,2,5.0,c,strict,409,256,6.61,-2.97,0.387,2.18,1.81,0.44,1692.9,11.9,4.4,1.91,False
12.0,5,15.0,b,strict,343,204,6.42,-2.84,0.382,2.17,1.44,0.43,1310.3,11.2,4.33,2.04,False
13.0,3,15.0,b,strict,278,155,6.32,-2.86,0.374,2.13,1.09,0.39,978.9,11.2,4.6,2.06,False
14.0,2,15.0,c,strict,220,134,6.1,-3.21,0.381,1.95,0.95,0.39,817.4,11.4,6.82,2.54,False
15.0,3,5.0,b,strict,519,332,5.95,-2.84,0.389,2.22,2.35,0.43,1975.6,11.0,4.08,2.05,False
16.0,3,10.0,a,strict,511,338,5.76,-2.87,0.388,2.11,2.39,0.46,1945.4,12.8,3.28,1.81,False
17.0,3,5.0,c,strict,468,311,5.65,-3.26,0.376,2.01,2.2,0.48,1756.8,12.2,4.14,1.85,False
18.0,5,5.0,b,strict,597,389,5.45,-2.73,0.396,2.11,2.75,0.48,2121.3,10.8,4.0,2.03,False
19.0,2,15.0,a,strict,366,198,5.28,-3.25,0.359,1.96,1.4,0.42,1044.6,12.4,3.66,1.86,False
20.0,2,5.0,a,strict,621,382,4.97,-2.86,0.39,2.0,2.7,0.48,1900.0,12.4,3.23,1.79,False
21.0,5,5.0,c,strict,528,355,4.87,-3.55,0.375,1.84,2.51,0.48,1728.9,12.1,3.85,1.8,False
22.0,3,15.0,c,strict,262,173,4.37,-3.22,0.37,1.69,1.22,0.42,755.2,11.6,5.75,2.27,False
23.0,5,15.0,b,2of3,2654,1504,4.33,-1.84,0.364,2.1,10.62,0.68,6505.8,9.1,1.95,1.66,False
24.0,3,5.0,a,strict,733,463,4.28,-3.12,0.38,1.85,3.27,0.48,1980.9,12.4,3.18,1.79,False
25.0,5,15.0,a,2of3,2913,1700,4.15,-2.52,0.34,1.94,12.01,0.67,7053.4,10.9,2.39,1.73,False
26.0,5,5.0,a,strict,839,532,4.04,-2.86,0.382,1.8,3.76,0.55,2147.6,12.2,3.17,1.81,False
27.0,5,10.0,b,2of3,2956,1712,4.0,-2.09,0.348,1.95,12.09,0.63,6849.4,9.0,2.22,1.74,False
28.0,5,10.0,a,2of3,3248,1941,3.92,-2.63,0.332,1.85,13.71,0.67,7600.0,10.9,2.62,1.78,False
29.0,5,5.0,b,2of3,3444,1955,3.86,-2.04,0.354,1.95,13.81,0.61,7554.3,9.0,2.19,1.73,False
30.0,5,15.0,a,strict,545,327,3.83,-3.27,0.361,1.68,2.31,0.48,1253.5,12.3,2.81,1.68,False
31.0,5,5.0,a,2of3,3825,2218,3.59,-2.56,0.338,1.81,15.67,0.65,7954.8,10.6,2.55,1.77,False
32.0,5,15.0,c,2of3,2898,1711,3.52,-2.11,0.351,1.8,12.09,0.62,6014.9,9.8,1.94,1.61,False
33.0,3,15.0,b,2of3,2382,1360,3.51,-1.77,0.367,1.88,9.61,0.65,4773.3,9.2,1.89,1.64,False
34.0,2,10.0,a,2of3,2670,1607,3.48,-2.58,0.337,1.75,11.35,0.65,5588.1,11.1,2.85,1.84,False
35.0,3,10.0,a,2of3,2932,1768,3.48,-2.62,0.336,1.76,12.49,0.66,6157.0,11.1,2.75,1.81,False
36.0,2,15.0,b,2of3,2160,1237,3.45,-1.71,0.366,1.86,8.74,0.64,4267.6,9.1,2.11,1.71,False
37.0,5,10.0,c,2of3,3205,1926,3.45,-2.31,0.341,1.75,13.6,0.63,6639.3,9.9,2.39,1.72,False
38.0,3,10.0,b,2of3,2669,1563,3.45,-2.04,0.355,1.82,11.04,0.65,5395.9,9.1,2.3,1.76,False
39.0,3,15.0,a,2of3,2627,1533,3.44,-2.39,0.344,1.77,10.83,0.64,5267.1,11.1,2.35,1.72,False
40.0,3,5.0,b,2of3,3201,1825,3.41,-2.04,0.359,1.82,12.89,0.64,6216.4,9.2,2.24,1.74,False
41.0,2,15.0,a,2of3,2393,1390,3.39,-2.39,0.345,1.75,9.82,0.64,4715.4,11.1,2.57,1.79,False
42.0,2,10.0,b,2of3,2419,1417,3.38,-2.0,0.356,1.8,10.01,0.62,4796.4,9.1,2.39,1.78,False
43.0,3,15.0,a,strict,451,261,3.26,-3.75,0.349,1.56,1.84,0.4,849.6,12.3,3.13,1.74,False
44.0,2,5.0,b,2of3,2960,1691,3.21,-2.02,0.358,1.77,11.94,0.62,5433.9,9.2,2.36,1.77,False
45.0,3,5.0,a,2of3,3551,2060,3.17,-2.55,0.342,1.7,14.55,0.63,6540.1,10.9,2.64,1.79,False
46.0,5,5.0,c,2of3,3759,2207,3.17,-2.36,0.345,1.7,15.59,0.63,6987.2,9.8,2.27,1.69,False
47.0,2,5.0,a,2of3,3288,1916,3.06,-2.55,0.339,1.67,13.53,0.63,5860.1,11.0,2.71,1.8,False
48.0,5,15.0,c,strict,323,207,3.05,-3.68,0.357,1.47,1.46,0.43,631.2,11.5,4.89,2.11,False
49.0,3,10.0,c,2of3,2887,1756,3.02,-2.28,0.343,1.66,12.4,0.64,5298.4,10.0,2.6,1.79,False
50.0,2,10.0,c,2of3,2631,1596,3.0,-2.25,0.345,1.65,11.27,0.61,4793.1,10.1,2.65,1.8,False
51.0,3,15.0,c,2of3,2605,1549,2.92,-2.05,0.351,1.67,10.94,0.61,4529.1,9.9,1.9,1.6,False
52.0,2,15.0,c,2of3,2364,1404,2.89,-2.05,0.351,1.66,9.92,0.6,4056.1,10.0,2.09,1.66,False
53.0,3,5.0,c,2of3,3485,2053,2.8,-2.33,0.351,1.61,14.5,0.6,5755.5,10.0,2.46,1.75,False
54.0,2,5.0,c,2of3,3231,1906,2.59,-2.36,0.348,1.56,13.46,0.64,4939.6,10.1,2.5,1.75,False
,-,-,-,RANDOM CONTROL,11811,6632,3.01,0.52,0.529,1.8,46.85,0.83,19989.7,10.0,1.58,1.41,
