entry,quality,target_atr,stop_atr,max_bars,trades,win,exp_atr,exp_pct_approx,oos_trades,oos_win,oos_exp_atr
next open,all,0.5,1.0,5,3545,0.645,-0.024,-0.13,1563,0.616,-0.067
next open,all,0.5,1.0,10,3545,0.652,-0.022,-0.12,1563,0.622,-0.066
next open,all,0.5,1.0,20,3545,0.653,-0.021,-0.12,1563,0.624,-0.064
next open,all,0.5,1.5,5,3545,0.719,-0.002,-0.01,1563,0.7,-0.04
next open,all,0.5,1.5,10,3545,0.747,0.0,0.0,1563,0.729,-0.038
next open,all,0.5,1.5,20,3545,0.75,0.001,0.01,1563,0.733,-0.035
next open,all,0.5,2.0,5,3545,0.747,0.016,0.09,1563,0.734,-0.016
next open,all,0.5,2.0,10,3545,0.797,0.023,0.13,1563,0.786,-0.005
next open,all,0.5,2.0,20,3545,0.807,0.022,0.12,1563,0.797,-0.005
next open,all,0.5,3.0,5,3545,0.757,0.019,0.11,1563,0.749,-0.002
next open,all,0.5,3.0,10,3545,0.827,0.038,0.21,1563,0.823,0.029
next open,all,0.5,3.0,20,3545,0.86,0.045,0.25,1563,0.862,0.052
next open,all,0.5,4.0,5,3545,0.758,0.017,0.1,1563,0.75,-0.008
next open,all,0.5,4.0,10,3545,0.831,0.037,0.21,1563,0.825,0.02
next open,all,0.5,4.0,20,3545,0.873,0.046,0.26,1563,0.874,0.04
next open,all,1.0,1.0,5,3545,0.507,0.017,0.1,1563,0.493,-0.016
next open,all,1.0,1.0,10,3545,0.511,0.022,0.13,1563,0.491,-0.016
next open,all,1.0,1.0,20,3545,0.513,0.026,0.14,1563,0.495,-0.011
next open,all,1.0,1.5,5,3545,0.578,0.04,0.23,1563,0.568,0.009
next open,all,1.0,1.5,10,3545,0.612,0.047,0.26,1563,0.596,0.009
next open,all,1.0,1.5,20,3545,0.618,0.048,0.27,1563,0.603,0.011
next open,all,1.0,2.0,5,3545,0.605,0.057,0.32,1563,0.597,0.022
next open,all,1.0,2.0,10,3545,0.667,0.076,0.43,1563,0.651,0.035
next open,all,1.0,2.0,20,3545,0.688,0.075,0.42,1563,0.676,0.038
next open,all,1.0,3.0,5,3545,0.614,0.057,0.32,1563,0.609,0.031
next open,all,1.0,3.0,10,3545,0.699,0.085,0.48,1563,0.69,0.059
next open,all,1.0,3.0,20,3545,0.754,0.101,0.57,1563,0.754,0.095
next open,all,1.0,4.0,5,3545,0.615,0.054,0.3,1563,0.61,0.023
next open,all,1.0,4.0,10,3545,0.704,0.082,0.46,1563,0.694,0.054
next open,all,1.0,4.0,20,3545,0.772,0.109,0.61,1563,0.769,0.093
next open,all,1.5,1.0,5,3545,0.458,0.066,0.37,1563,0.441,0.031
next open,all,1.5,1.0,10,3545,0.44,0.083,0.46,1563,0.419,0.04
next open,all,1.5,1.0,20,3545,0.436,0.089,0.5,1563,0.421,0.049
next open,all,1.5,1.5,5,3545,0.529,0.098,0.55,1563,0.514,0.068
next open,all,1.5,1.5,10,3545,0.541,0.121,0.68,1563,0.525,0.082
next open,all,1.5,1.5,20,3545,0.542,0.129,0.72,1563,0.531,0.093
next open,all,1.5,2.0,5,3545,0.554,0.113,0.64,1563,0.541,0.074
next open,all,1.5,2.0,10,3545,0.594,0.15,0.85,1563,0.576,0.102
next open,all,1.5,2.0,20,3545,0.611,0.156,0.88,1563,0.602,0.119
next open,all,1.5,3.0,5,3545,0.562,0.111,0.62,1563,0.552,0.082
next open,all,1.5,3.0,10,3545,0.625,0.16,0.9,1563,0.614,0.13
next open,all,1.5,3.0,20,3545,0.683,0.2,1.13,1563,0.69,0.209
next open,all,1.5,4.0,5,3545,0.563,0.105,0.59,1563,0.552,0.069
next open,all,1.5,4.0,10,3545,0.63,0.155,0.87,1563,0.619,0.118
next open,all,1.5,4.0,20,3545,0.7,0.204,1.15,1563,0.704,0.202
next open,all,2.0,1.0,5,3545,0.435,0.091,0.51,1563,0.416,0.049
next open,all,2.0,1.0,10,3545,0.395,0.117,0.66,1563,0.374,0.07
next open,all,2.0,1.0,20,3545,0.382,0.136,0.76,1563,0.369,0.09
next open,all,2.0,1.5,5,3545,0.505,0.121,0.68,1563,0.486,0.083
next open,all,2.0,1.5,10,3545,0.495,0.16,0.9,1563,0.476,0.109
next open,all,2.0,1.5,20,3545,0.482,0.179,1.01,1563,0.466,0.117
next open,all,2.0,2.0,5,3545,0.529,0.136,0.77,1563,0.512,0.092
next open,all,2.0,2.0,10,3545,0.548,0.193,1.09,1563,0.527,0.138
next open,all,2.0,2.0,20,3545,0.551,0.214,1.2,1563,0.537,0.153
next open,all,2.0,3.0,5,3545,0.537,0.134,0.75,1563,0.524,0.101
next open,all,2.0,3.0,10,3545,0.581,0.208,1.17,1563,0.567,0.172
next open,all,2.0,3.0,20,3545,0.626,0.274,1.54,1563,0.629,0.272
next open,all,2.0,4.0,5,3545,0.539,0.128,0.72,1563,0.525,0.091
next open,all,2.0,4.0,10,3545,0.585,0.203,1.14,1563,0.573,0.162
next open,all,2.0,4.0,20,3545,0.644,0.281,1.58,1563,0.645,0.272
next open,all,3.0,1.0,5,3545,0.424,0.116,0.66,1563,0.402,0.078
next open,all,3.0,1.0,10,3545,0.36,0.169,0.95,1563,0.336,0.131
next open,all,3.0,1.0,20,3545,0.318,0.201,1.13,1563,0.307,0.157
next open,all,3.0,1.5,5,3545,0.494,0.151,0.85,1563,0.474,0.123
next open,all,3.0,1.5,10,3545,0.459,0.225,1.26,1563,0.438,0.194
next open,all,3.0,1.5,20,3545,0.412,0.257,1.44,1563,0.402,0.215
next open,all,3.0,2.0,5,3545,0.518,0.169,0.95,1563,0.5,0.135
next open,all,3.0,2.0,10,3545,0.511,0.264,1.49,1563,0.488,0.228
next open,all,3.0,2.0,20,3545,0.479,0.302,1.7,1563,0.468,0.257
next open,all,3.0,3.0,5,3545,0.527,0.169,0.95,1563,0.513,0.147
next open,all,3.0,3.0,10,3545,0.545,0.284,1.59,1563,0.529,0.27
next open,all,3.0,3.0,20,3545,0.554,0.382,2.15,1563,0.559,0.411
next open,all,3.0,4.0,5,3545,0.528,0.164,0.92,1563,0.514,0.137
next open,all,3.0,4.0,10,3545,0.55,0.278,1.56,1563,0.534,0.257
next open,all,3.0,4.0,20,3545,0.573,0.397,2.24,1563,0.576,0.421
next open,all,half@1,1.5,20,3545,0.578,0.182,1.02,1563,0.562,0.137
next open,fresh,0.5,1.0,5,1824,0.643,-0.027,-0.15,839,0.626,-0.055
next open,fresh,0.5,1.0,10,1824,0.651,-0.022,-0.12,839,0.631,-0.053
next open,fresh,0.5,1.0,20,1824,0.653,-0.021,-0.12,839,0.633,-0.051
next open,fresh,0.5,1.5,5,1824,0.719,0.001,0.0,839,0.709,-0.027
next open,fresh,0.5,1.5,10,1824,0.748,0.001,0.0,839,0.734,-0.029
next open,fresh,0.5,1.5,20,1824,0.751,0.002,0.01,839,0.737,-0.027
next open,fresh,0.5,2.0,5,1824,0.747,0.018,0.1,839,0.741,-0.007
next open,fresh,0.5,2.0,10,1824,0.8,0.031,0.18,839,0.794,0.007
next open,fresh,0.5,2.0,20,1824,0.81,0.029,0.16,839,0.802,0.008
next open,fresh,0.5,3.0,5,1824,0.76,0.025,0.14,839,0.758,-0.002
next open,fresh,0.5,3.0,10,1824,0.83,0.045,0.25,839,0.827,0.016
next open,fresh,0.5,3.0,20,1824,0.859,0.04,0.22,839,0.855,0.018
next open,fresh,0.5,4.0,5,1824,0.76,0.019,0.11,839,0.758,-0.016
next open,fresh,0.5,4.0,10,1824,0.832,0.038,0.21,839,0.828,0.002
next open,fresh,0.5,4.0,20,1824,0.871,0.037,0.21,839,0.87,0.023
next open,fresh,1.0,1.0,5,1824,0.514,0.029,0.16,839,0.504,0.008
next open,fresh,1.0,1.0,10,1824,0.515,0.03,0.17,839,0.501,0.004
next open,fresh,1.0,1.0,20,1824,0.516,0.033,0.18,839,0.505,0.01
next open,fresh,1.0,1.5,5,1824,0.584,0.054,0.31,839,0.573,0.02
next open,fresh,1.0,1.5,10,1824,0.612,0.049,0.27,839,0.596,0.011
next open,fresh,1.0,1.5,20,1824,0.618,0.049,0.28,839,0.604,0.013
next open,fresh,1.0,2.0,5,1824,0.609,0.062,0.35,839,0.6,0.021
next open,fresh,1.0,2.0,10,1824,0.667,0.076,0.43,839,0.646,0.015
next open,fresh,1.0,2.0,20,1824,0.688,0.074,0.42,839,0.67,0.017
next open,fresh,1.0,3.0,5,1824,0.621,0.065,0.37,839,0.616,0.021
next open,fresh,1.0,3.0,10,1824,0.701,0.085,0.48,839,0.685,0.021
next open,fresh,1.0,3.0,20,1824,0.753,0.095,0.54,839,0.741,0.032
next open,fresh,1.0,4.0,5,1824,0.622,0.055,0.31,839,0.616,0.002
next open,fresh,1.0,4.0,10,1824,0.703,0.073,0.41,839,0.688,0.002
next open,fresh,1.0,4.0,20,1824,0.77,0.101,0.57,839,0.762,0.056
next open,fresh,1.5,1.0,5,1824,0.458,0.066,0.37,839,0.439,0.02
next open,fresh,1.5,1.0,10,1824,0.437,0.076,0.43,839,0.416,0.028
next open,fresh,1.5,1.0,20,1824,0.434,0.084,0.47,839,0.417,0.039
next open,fresh,1.5,1.5,5,1824,0.529,0.102,0.57,839,0.507,0.045
next open,fresh,1.5,1.5,10,1824,0.536,0.11,0.62,839,0.513,0.046
next open,fresh,1.5,1.5,20,1824,0.541,0.125,0.71,839,0.523,0.068
next open,fresh,1.5,2.0,5,1824,0.55,0.105,0.59,839,0.528,0.035
next open,fresh,1.5,2.0,10,1824,0.59,0.138,0.78,839,0.559,0.042
next open,fresh,1.5,2.0,20,1824,0.61,0.152,0.86,839,0.584,0.056
next open,fresh,1.5,3.0,5,1824,0.561,0.106,0.6,839,0.544,0.031
next open,fresh,1.5,3.0,10,1824,0.624,0.145,0.82,839,0.6,0.045
next open,fresh,1.5,3.0,20,1824,0.684,0.198,1.11,839,0.671,0.114
next open,fresh,1.5,4.0,5,1824,0.562,0.096,0.54,839,0.544,0.011
next open,fresh,1.5,4.0,10,1824,0.627,0.133,0.75,839,0.603,0.024
next open,fresh,1.5,4.0,20,1824,0.701,0.203,1.14,839,0.69,0.139
next open,fresh,2.0,1.0,5,1824,0.434,0.086,0.49,839,0.409,0.017
next open,fresh,2.0,1.0,10,1824,0.39,0.103,0.58,839,0.362,0.031
next open,fresh,2.0,1.0,20,1824,0.377,0.12,0.68,839,0.358,0.053
next open,fresh,2.0,1.5,5,1824,0.504,0.124,0.69,839,0.476,0.043
next open,fresh,2.0,1.5,10,1824,0.488,0.141,0.79,839,0.456,0.043
next open,fresh,2.0,1.5,20,1824,0.48,0.171,0.96,839,0.455,0.076
next open,fresh,2.0,2.0,5,1824,0.524,0.126,0.71,839,0.497,0.036
next open,fresh,2.0,2.0,10,1824,0.543,0.176,0.99,839,0.505,0.057
next open,fresh,2.0,2.0,20,1824,0.547,0.2,1.12,839,0.517,0.076
next open,fresh,2.0,3.0,5,1824,0.536,0.128,0.72,839,0.513,0.034
next open,fresh,2.0,3.0,10,1824,0.578,0.186,1.05,839,0.546,0.062
next open,fresh,2.0,3.0,20,1824,0.625,0.263,1.48,839,0.61,0.166
next open,fresh,2.0,4.0,5,1824,0.537,0.118,0.67,839,0.514,0.02
next open,fresh,2.0,4.0,10,1824,0.582,0.175,0.98,839,0.551,0.047
next open,fresh,2.0,4.0,20,1824,0.644,0.271,1.53,839,0.633,0.201
next open,fresh,3.0,1.0,5,1824,0.422,0.12,0.67,839,0.393,0.052
next open,fresh,3.0,1.0,10,1824,0.356,0.168,0.95,839,0.327,0.103
next open,fresh,3.0,1.0,20,1824,0.315,0.199,1.12,839,0.299,0.126
next open,fresh,3.0,1.5,5,1824,0.492,0.159,0.89,839,0.46,0.082
next open,fresh,3.0,1.5,10,1824,0.452,0.218,1.23,839,0.418,0.134
next open,fresh,3.0,1.5,20,1824,0.412,0.269,1.51,839,0.393,0.175
next open,fresh,3.0,2.0,5,1824,0.511,0.163,0.92,839,0.483,0.081
next open,fresh,3.0,2.0,10,1824,0.508,0.266,1.5,839,0.468,0.164
next open,fresh,3.0,2.0,20,1824,0.48,0.323,1.82,839,0.456,0.211
next open,fresh,3.0,3.0,5,1824,0.524,0.17,0.96,839,0.501,0.087
next open,fresh,3.0,3.0,10,1824,0.543,0.278,1.56,839,0.509,0.175
next open,fresh,3.0,3.0,20,1824,0.557,0.407,2.29,839,0.549,0.344
next open,fresh,3.0,4.0,5,1824,0.525,0.161,0.91,839,0.502,0.075
next open,fresh,3.0,4.0,10,1824,0.546,0.265,1.49,839,0.514,0.157
next open,fresh,3.0,4.0,20,1824,0.577,0.421,2.37,839,0.574,0.389
next open,fresh,half@1,1.5,20,1824,0.577,0.163,0.92,839,0.563,0.089
next open,fresh + ≥6 panels,0.5,1.0,5,1492,0.644,-0.026,-0.15,703,0.626,-0.054
next open,fresh + ≥6 panels,0.5,1.0,10,1492,0.651,-0.022,-0.12,703,0.632,-0.051
next open,fresh + ≥6 panels,0.5,1.0,20,1492,0.653,-0.021,-0.12,703,0.633,-0.05
next open,fresh + ≥6 panels,0.5,1.5,5,1492,0.723,0.005,0.03,703,0.71,-0.024
next open,fresh + ≥6 panels,0.5,1.5,10,1492,0.749,0.002,0.01,703,0.737,-0.024
next open,fresh + ≥6 panels,0.5,1.5,20,1492,0.752,0.004,0.02,703,0.738,-0.023
next open,fresh + ≥6 panels,0.5,2.0,5,1492,0.751,0.019,0.11,703,0.743,-0.011
next open,fresh + ≥6 panels,0.5,2.0,10,1492,0.801,0.028,0.16,703,0.795,0.004
next open,fresh + ≥6 panels,0.5,2.0,20,1492,0.81,0.024,0.14,703,0.801,0.003
next open,fresh + ≥6 panels,0.5,3.0,5,1492,0.766,0.031,0.18,703,0.761,-0.003
next open,fresh + ≥6 panels,0.5,3.0,10,1492,0.831,0.037,0.21,703,0.828,0.011
next open,fresh + ≥6 panels,0.5,3.0,20,1492,0.858,0.033,0.18,703,0.855,0.016
next open,fresh + ≥6 panels,0.5,4.0,5,1492,0.767,0.022,0.13,703,0.761,-0.022
next open,fresh + ≥6 panels,0.5,4.0,10,1492,0.833,0.027,0.15,703,0.829,-0.007
next open,fresh + ≥6 panels,0.5,4.0,20,1492,0.873,0.034,0.19,703,0.873,0.03
next open,fresh + ≥6 panels,1.0,1.0,5,1492,0.511,0.024,0.14,703,0.499,-0.003
next open,fresh + ≥6 panels,1.0,1.0,10,1492,0.511,0.023,0.13,703,0.494,-0.009
next open,fresh + ≥6 panels,1.0,1.0,20,1492,0.513,0.026,0.15,703,0.498,-0.003
next open,fresh + ≥6 panels,1.0,1.5,5,1492,0.584,0.057,0.32,703,0.57,0.014
next open,fresh + ≥6 panels,1.0,1.5,10,1492,0.611,0.047,0.26,703,0.593,0.003
next open,fresh + ≥6 panels,1.0,1.5,20,1492,0.619,0.05,0.28,703,0.602,0.008
next open,fresh + ≥6 panels,1.0,2.0,5,1492,0.611,0.063,0.35,703,0.596,0.007
next open,fresh + ≥6 panels,1.0,2.0,10,1492,0.666,0.069,0.39,703,0.643,0.002
next open,fresh + ≥6 panels,1.0,2.0,20,1492,0.688,0.074,0.41,703,0.667,0.009
next open,fresh + ≥6 panels,1.0,3.0,5,1492,0.624,0.07,0.39,703,0.613,0.004
next open,fresh + ≥6 panels,1.0,3.0,10,1492,0.7,0.073,0.41,703,0.681,-0.001
next open,fresh + ≥6 panels,1.0,3.0,20,1492,0.753,0.095,0.53,703,0.738,0.018
next open,fresh + ≥6 panels,1.0,4.0,5,1492,0.625,0.058,0.33,703,0.613,-0.021
next open,fresh + ≥6 panels,1.0,4.0,10,1492,0.702,0.056,0.32,703,0.684,-0.026
next open,fresh + ≥6 panels,1.0,4.0,20,1492,0.772,0.102,0.57,703,0.761,0.053
next open,fresh + ≥6 panels,1.5,1.0,5,1492,0.456,0.059,0.33,703,0.437,0.013
next open,fresh + ≥6 panels,1.5,1.0,10,1492,0.434,0.07,0.39,703,0.413,0.019
next open,fresh + ≥6 panels,1.5,1.0,20,1492,0.433,0.082,0.46,703,0.414,0.033
next open,fresh + ≥6 panels,1.5,1.5,5,1492,0.53,0.103,0.58,703,0.508,0.046
next open,fresh + ≥6 panels,1.5,1.5,10,1492,0.537,0.111,0.63,703,0.516,0.051
next open,fresh + ≥6 panels,1.5,1.5,20,1492,0.544,0.134,0.75,703,0.526,0.08
next open,fresh + ≥6 panels,1.5,2.0,5,1492,0.553,0.104,0.59,703,0.529,0.029
next open,fresh + ≥6 panels,1.5,2.0,10,1492,0.588,0.131,0.74,703,0.56,0.038
next open,fresh + ≥6 panels,1.5,2.0,20,1492,0.614,0.161,0.9,703,0.586,0.066
next open,fresh + ≥6 panels,1.5,3.0,5,1492,0.565,0.108,0.61,703,0.545,0.021
next open,fresh + ≥6 panels,1.5,3.0,10,1492,0.624,0.135,0.76,703,0.6,0.032
next open,fresh + ≥6 panels,1.5,3.0,20,1492,0.69,0.21,1.18,703,0.673,0.114
next open,fresh + ≥6 panels,1.5,4.0,5,1492,0.566,0.096,0.54,703,0.545,-0.006
next open,fresh + ≥6 panels,1.5,4.0,10,1492,0.627,0.119,0.67,703,0.605,0.006
next open,fresh + ≥6 panels,1.5,4.0,20,1492,0.708,0.214,1.2,703,0.694,0.148
next open,fresh + ≥6 panels,2.0,1.0,5,1492,0.434,0.078,0.44,703,0.413,0.024
next open,fresh + ≥6 panels,2.0,1.0,10,1492,0.387,0.098,0.55,703,0.366,0.043
next open,fresh + ≥6 panels,2.0,1.0,20,1492,0.376,0.121,0.68,703,0.36,0.067
next open,fresh + ≥6 panels,2.0,1.5,5,1492,0.506,0.122,0.69,703,0.482,0.059
next open,fresh + ≥6 panels,2.0,1.5,10,1492,0.489,0.144,0.81,703,0.465,0.069
next open,fresh + ≥6 panels,2.0,1.5,20,1492,0.483,0.184,1.03,703,0.462,0.109
next open,fresh + ≥6 panels,2.0,2.0,5,1492,0.527,0.122,0.68,703,0.504,0.046
next open,fresh + ≥6 panels,2.0,2.0,10,1492,0.539,0.167,0.94,703,0.508,0.064
next open,fresh + ≥6 panels,2.0,2.0,20,1492,0.552,0.215,1.21,703,0.521,0.097
next open,fresh + ≥6 panels,2.0,3.0,5,1492,0.54,0.127,0.71,703,0.519,0.039
next open,fresh + ≥6 panels,2.0,3.0,10,1492,0.576,0.175,0.99,703,0.549,0.062
next open,fresh + ≥6 panels,2.0,3.0,20,1492,0.631,0.283,1.59,703,0.613,0.179
next open,fresh + ≥6 panels,2.0,4.0,5,1492,0.54,0.112,0.63,703,0.519,0.013
next open,fresh + ≥6 panels,2.0,4.0,10,1492,0.579,0.158,0.89,703,0.553,0.038
next open,fresh + ≥6 panels,2.0,4.0,20,1492,0.649,0.29,1.63,703,0.636,0.222
next open,fresh + ≥6 panels,3.0,1.0,5,1492,0.422,0.114,0.64,703,0.397,0.067
next open,fresh + ≥6 panels,3.0,1.0,10,1492,0.355,0.173,0.97,703,0.333,0.138
next open,fresh + ≥6 panels,3.0,1.0,20,1492,0.316,0.212,1.19,703,0.307,0.166
next open,fresh + ≥6 panels,3.0,1.5,5,1492,0.494,0.159,0.89,703,0.467,0.106
next open,fresh + ≥6 panels,3.0,1.5,10,1492,0.453,0.233,1.31,703,0.431,0.189
next open,fresh + ≥6 panels,3.0,1.5,20,1492,0.418,0.302,1.7,703,0.407,0.246
next open,fresh + ≥6 panels,3.0,2.0,5,1492,0.515,0.161,0.91,703,0.489,0.096
next open,fresh + ≥6 panels,3.0,2.0,10,1492,0.504,0.269,1.51,703,0.475,0.191
next open,fresh + ≥6 panels,3.0,2.0,20,1492,0.487,0.36,2.03,703,0.468,0.281
next open,fresh + ≥6 panels,3.0,3.0,5,1492,0.529,0.172,0.97,703,0.508,0.098
next open,fresh + ≥6 panels,3.0,3.0,10,1492,0.541,0.277,1.56,703,0.516,0.193
next open,fresh + ≥6 panels,3.0,3.0,20,1492,0.566,0.454,2.55,703,0.56,0.411
next open,fresh + ≥6 panels,3.0,4.0,5,1492,0.529,0.157,0.88,703,0.508,0.073
next open,fresh + ≥6 panels,3.0,4.0,10,1492,0.544,0.256,1.44,703,0.521,0.164
next open,fresh + ≥6 panels,3.0,4.0,20,1492,0.587,0.464,2.61,703,0.586,0.46
next open,fresh + ≥6 panels,half@1,1.5,20,1492,0.575,0.17,0.96,703,0.562,0.108
next open,ATR ≥ 5 %,0.5,1.0,5,1662,0.634,-0.043,-0.24,903,0.616,-0.07
next open,ATR ≥ 5 %,0.5,1.0,10,1662,0.637,-0.043,-0.24,903,0.619,-0.07
next open,ATR ≥ 5 %,0.5,1.0,20,1662,0.638,-0.042,-0.24,903,0.621,-0.068
next open,ATR ≥ 5 %,0.5,1.5,5,1662,0.727,0.007,0.04,903,0.715,-0.013
next open,ATR ≥ 5 %,0.5,1.5,10,1662,0.747,0.002,0.01,903,0.741,-0.014
next open,ATR ≥ 5 %,0.5,1.5,20,1662,0.75,0.002,0.01,903,0.745,-0.009
next open,ATR ≥ 5 %,0.5,2.0,5,1662,0.755,0.028,0.16,903,0.754,0.025
next open,ATR ≥ 5 %,0.5,2.0,10,1662,0.799,0.029,0.16,903,0.804,0.036
next open,ATR ≥ 5 %,0.5,2.0,20,1662,0.808,0.025,0.14,903,0.814,0.036
next open,ATR ≥ 5 %,0.5,3.0,5,1662,0.766,0.038,0.22,903,0.771,0.051
next open,ATR ≥ 5 %,0.5,3.0,10,1662,0.833,0.074,0.42,903,0.848,0.115
next open,ATR ≥ 5 %,0.5,3.0,20,1662,0.868,0.078,0.44,903,0.887,0.134
next open,ATR ≥ 5 %,0.5,4.0,5,1662,0.767,0.038,0.21,903,0.771,0.044
next open,ATR ≥ 5 %,0.5,4.0,10,1662,0.837,0.078,0.44,903,0.848,0.105
next open,ATR ≥ 5 %,0.5,4.0,20,1662,0.882,0.087,0.49,903,0.895,0.121
next open,ATR ≥ 5 %,1.0,1.0,5,1662,0.496,-0.002,-0.01,903,0.486,-0.026
next open,ATR ≥ 5 %,1.0,1.0,10,1662,0.5,0.0,0.0,903,0.488,-0.022
next open,ATR ≥ 5 %,1.0,1.0,20,1662,0.501,0.001,0.01,903,0.491,-0.019
next open,ATR ≥ 5 %,1.0,1.5,5,1662,0.578,0.039,0.22,903,0.569,0.015
next open,ATR ≥ 5 %,1.0,1.5,10,1662,0.603,0.024,0.13,903,0.591,-0.005
next open,ATR ≥ 5 %,1.0,1.5,20,1662,0.606,0.021,0.12,903,0.596,-0.007
next open,ATR ≥ 5 %,1.0,2.0,5,1662,0.605,0.055,0.31,903,0.601,0.039
next open,ATR ≥ 5 %,1.0,2.0,10,1662,0.658,0.051,0.29,903,0.65,0.031
next open,ATR ≥ 5 %,1.0,2.0,20,1662,0.678,0.047,0.27,903,0.676,0.036
next open,ATR ≥ 5 %,1.0,3.0,5,1662,0.615,0.064,0.36,903,0.616,0.063
next open,ATR ≥ 5 %,1.0,3.0,10,1662,0.694,0.089,0.5,903,0.698,0.101
next open,ATR ≥ 5 %,1.0,3.0,20,1662,0.75,0.094,0.53,903,0.763,0.138
next open,ATR ≥ 5 %,1.0,4.0,5,1662,0.616,0.063,0.36,903,0.616,0.056
next open,ATR ≥ 5 %,1.0,4.0,10,1662,0.699,0.101,0.57,903,0.7,0.101
next open,ATR ≥ 5 %,1.0,4.0,20,1662,0.768,0.116,0.65,903,0.775,0.142
next open,ATR ≥ 5 %,1.5,1.0,5,1662,0.443,0.062,0.35,903,0.433,0.034
next open,ATR ≥ 5 %,1.5,1.0,10,1662,0.43,0.07,0.39,903,0.42,0.045
next open,ATR ≥ 5 %,1.5,1.0,20,1662,0.429,0.072,0.41,903,0.421,0.05
next open,ATR ≥ 5 %,1.5,1.5,5,1662,0.526,0.119,0.67,903,0.515,0.096
next open,ATR ≥ 5 %,1.5,1.5,10,1662,0.531,0.109,0.61,903,0.525,0.087
next open,ATR ≥ 5 %,1.5,1.5,20,1662,0.532,0.104,0.58,903,0.529,0.089
next open,ATR ≥ 5 %,1.5,2.0,5,1662,0.548,0.126,0.71,903,0.542,0.11
next open,ATR ≥ 5 %,1.5,2.0,10,1662,0.584,0.144,0.81,903,0.584,0.137
next open,ATR ≥ 5 %,1.5,2.0,20,1662,0.605,0.136,0.76,903,0.611,0.153
next open,ATR ≥ 5 %,1.5,3.0,5,1662,0.557,0.133,0.75,903,0.555,0.134
next open,ATR ≥ 5 %,1.5,3.0,10,1662,0.62,0.189,1.06,903,0.629,0.214
next open,ATR ≥ 5 %,1.5,3.0,20,1662,0.681,0.201,1.13,903,0.705,0.292
next open,ATR ≥ 5 %,1.5,4.0,5,1662,0.558,0.133,0.75,903,0.555,0.127
next open,ATR ≥ 5 %,1.5,4.0,10,1662,0.626,0.208,1.17,903,0.632,0.221
next open,ATR ≥ 5 %,1.5,4.0,20,1662,0.697,0.221,1.25,903,0.717,0.302
next open,ATR ≥ 5 %,2.0,1.0,5,1662,0.416,0.092,0.51,903,0.403,0.058
next open,ATR ≥ 5 %,2.0,1.0,10,1662,0.383,0.102,0.58,903,0.371,0.072
next open,ATR ≥ 5 %,2.0,1.0,20,1662,0.373,0.111,0.63,903,0.364,0.08
next open,ATR ≥ 5 %,2.0,1.5,5,1662,0.496,0.149,0.84,903,0.482,0.12
next open,ATR ≥ 5 %,2.0,1.5,10,1662,0.482,0.148,0.83,903,0.474,0.115
next open,ATR ≥ 5 %,2.0,1.5,20,1662,0.471,0.149,0.84,903,0.464,0.114
next open,ATR ≥ 5 %,2.0,2.0,5,1662,0.519,0.159,0.89,903,0.508,0.139
next open,ATR ≥ 5 %,2.0,2.0,10,1662,0.535,0.189,1.06,903,0.535,0.184
next open,ATR ≥ 5 %,2.0,2.0,20,1662,0.538,0.175,0.99,903,0.54,0.183
next open,ATR ≥ 5 %,2.0,3.0,5,1662,0.528,0.168,0.95,903,0.522,0.166
next open,ATR ≥ 5 %,2.0,3.0,10,1662,0.573,0.245,1.38,903,0.581,0.272
next open,ATR ≥ 5 %,2.0,3.0,20,1662,0.619,0.265,1.49,903,0.64,0.36
next open,ATR ≥ 5 %,2.0,4.0,5,1662,0.528,0.168,0.95,903,0.522,0.159
next open,ATR ≥ 5 %,2.0,4.0,10,1662,0.578,0.264,1.48,903,0.585,0.279
next open,ATR ≥ 5 %,2.0,4.0,20,1662,0.637,0.293,1.65,903,0.653,0.384
next open,ATR ≥ 5 %,3.0,1.0,5,1662,0.401,0.127,0.71,903,0.386,0.092
next open,ATR ≥ 5 %,3.0,1.0,10,1662,0.346,0.173,0.98,903,0.333,0.152
next open,ATR ≥ 5 %,3.0,1.0,20,1662,0.306,0.177,1.0,903,0.307,0.173
next open,ATR ≥ 5 %,3.0,1.5,5,1662,0.483,0.189,1.06,903,0.467,0.168
next open,ATR ≥ 5 %,3.0,1.5,10,1662,0.443,0.24,1.35,903,0.435,0.228
next open,ATR ≥ 5 %,3.0,1.5,20,1662,0.398,0.239,1.34,903,0.402,0.241
next open,ATR ≥ 5 %,3.0,2.0,5,1662,0.505,0.202,1.14,903,0.494,0.188
next open,ATR ≥ 5 %,3.0,2.0,10,1662,0.497,0.286,1.61,903,0.494,0.296
next open,ATR ≥ 5 %,3.0,2.0,20,1662,0.462,0.274,1.54,903,0.47,0.304
next open,ATR ≥ 5 %,3.0,3.0,5,1662,0.516,0.217,1.22,903,0.509,0.221
next open,ATR ≥ 5 %,3.0,3.0,10,1662,0.534,0.348,1.96,903,0.539,0.392
next open,ATR ≥ 5 %,3.0,3.0,20,1662,0.54,0.393,2.21,903,0.566,0.521
next open,ATR ≥ 5 %,3.0,4.0,5,1662,0.516,0.217,1.22,903,0.509,0.214
next open,ATR ≥ 5 %,3.0,4.0,10,1662,0.539,0.366,2.06,903,0.543,0.397
next open,ATR ≥ 5 %,3.0,4.0,20,1662,0.56,0.431,2.43,903,0.581,0.56
next open,ATR ≥ 5 %,half@1,1.5,20,1662,0.577,0.175,0.98,903,0.568,0.142
next open,fresh + ≥6 panels + ATR ≥ 5 %,0.5,1.0,5,671,0.638,-0.034,-0.19,392,0.622,-0.056
next open,fresh + ≥6 panels + ATR ≥ 5 %,0.5,1.0,10,671,0.644,-0.033,-0.19,392,0.628,-0.056
next open,fresh + ≥6 panels + ATR ≥ 5 %,0.5,1.0,20,671,0.645,-0.032,-0.18,392,0.63,-0.055
next open,fresh + ≥6 panels + ATR ≥ 5 %,0.5,1.5,5,671,0.739,0.033,0.19,392,0.719,0.005
next open,fresh + ≥6 panels + ATR ≥ 5 %,0.5,1.5,10,671,0.762,0.026,0.14,392,0.75,0.004
next open,fresh + ≥6 panels + ATR ≥ 5 %,0.5,1.5,20,671,0.763,0.026,0.15,392,0.753,0.005
next open,fresh + ≥6 panels + ATR ≥ 5 %,0.5,2.0,5,671,0.768,0.056,0.31,392,0.758,0.037
next open,fresh + ≥6 panels + ATR ≥ 5 %,0.5,2.0,10,671,0.817,0.059,0.33,392,0.814,0.052
next open,fresh + ≥6 panels + ATR ≥ 5 %,0.5,2.0,20,671,0.821,0.054,0.3,392,0.819,0.048
next open,fresh + ≥6 panels + ATR ≥ 5 %,0.5,3.0,5,671,0.782,0.067,0.38,392,0.778,0.051
next open,fresh + ≥6 panels + ATR ≥ 5 %,0.5,3.0,10,671,0.848,0.091,0.51,392,0.852,0.099
next open,fresh + ≥6 panels + ATR ≥ 5 %,0.5,3.0,20,671,0.87,0.074,0.42,392,0.88,0.099
next open,fresh + ≥6 panels + ATR ≥ 5 %,0.5,4.0,5,671,0.784,0.058,0.33,392,0.778,0.034
next open,fresh + ≥6 panels + ATR ≥ 5 %,0.5,4.0,10,671,0.851,0.082,0.46,392,0.852,0.08
next open,fresh + ≥6 panels + ATR ≥ 5 %,0.5,4.0,20,671,0.888,0.083,0.46,392,0.898,0.108
next open,fresh + ≥6 panels + ATR ≥ 5 %,1.0,1.0,5,671,0.496,0.001,0.01,392,0.495,-0.003
next open,fresh + ≥6 panels + ATR ≥ 5 %,1.0,1.0,10,671,0.499,0.002,0.01,392,0.497,-0.001
next open,fresh + ≥6 panels + ATR ≥ 5 %,1.0,1.0,20,671,0.501,0.002,0.01,392,0.5,0.002
next open,fresh + ≥6 panels + ATR ≥ 5 %,1.0,1.5,5,671,0.586,0.062,0.35,392,0.574,0.041
next open,fresh + ≥6 panels + ATR ≥ 5 %,1.0,1.5,10,671,0.608,0.036,0.21,392,0.599,0.017
next open,fresh + ≥6 panels + ATR ≥ 5 %,1.0,1.5,20,671,0.615,0.043,0.24,392,0.607,0.022
next open,fresh + ≥6 panels + ATR ≥ 5 %,1.0,2.0,5,671,0.611,0.073,0.41,392,0.602,0.05
next open,fresh + ≥6 panels + ATR ≥ 5 %,1.0,2.0,10,671,0.663,0.066,0.37,392,0.648,0.03
next open,fresh + ≥6 panels + ATR ≥ 5 %,1.0,2.0,20,671,0.69,0.076,0.43,392,0.679,0.044
next open,fresh + ≥6 panels + ATR ≥ 5 %,1.0,3.0,5,671,0.626,0.08,0.45,392,0.62,0.054
next open,fresh + ≥6 panels + ATR ≥ 5 %,1.0,3.0,10,671,0.699,0.088,0.5,392,0.691,0.07
next open,fresh + ≥6 panels + ATR ≥ 5 %,1.0,3.0,20,671,0.754,0.093,0.52,392,0.758,0.104
next open,fresh + ≥6 panels + ATR ≥ 5 %,1.0,4.0,5,671,0.627,0.071,0.4,392,0.62,0.033
next open,fresh + ≥6 panels + ATR ≥ 5 %,1.0,4.0,10,671,0.702,0.084,0.47,392,0.691,0.054
next open,fresh + ≥6 panels + ATR ≥ 5 %,1.0,4.0,20,671,0.775,0.103,0.58,392,0.778,0.129
next open,fresh + ≥6 panels + ATR ≥ 5 %,1.5,1.0,5,671,0.435,0.045,0.25,392,0.426,0.02
next open,fresh + ≥6 panels + ATR ≥ 5 %,1.5,1.0,10,671,0.419,0.048,0.27,392,0.411,0.021
next open,fresh + ≥6 panels + ATR ≥ 5 %,1.5,1.0,20,671,0.423,0.06,0.34,392,0.413,0.033
next open,fresh + ≥6 panels + ATR ≥ 5 %,1.5,1.5,5,671,0.526,0.128,0.72,392,0.505,0.089
next open,fresh + ≥6 panels + ATR ≥ 5 %,1.5,1.5,10,671,0.528,0.103,0.58,392,0.515,0.054
next open,fresh + ≥6 panels + ATR ≥ 5 %,1.5,1.5,20,671,0.541,0.127,0.72,392,0.526,0.078
next open,fresh + ≥6 panels + ATR ≥ 5 %,1.5,2.0,5,671,0.542,0.124,0.7,392,0.523,0.08
next open,fresh + ≥6 panels + ATR ≥ 5 %,1.5,2.0,10,671,0.58,0.131,0.74,392,0.564,0.068
next open,fresh + ≥6 panels + ATR ≥ 5 %,1.5,2.0,20,671,0.614,0.161,0.91,392,0.597,0.105
next open,fresh + ≥6 panels + ATR ≥ 5 %,1.5,3.0,5,671,0.554,0.125,0.7,392,0.538,0.077
next open,fresh + ≥6 panels + ATR ≥ 5 %,1.5,3.0,10,671,0.617,0.156,0.88,392,0.607,0.107
next open,fresh + ≥6 panels + ATR ≥ 5 %,1.5,3.0,20,671,0.69,0.211,1.19,392,0.694,0.219
next open,fresh + ≥6 panels + ATR ≥ 5 %,1.5,4.0,5,671,0.556,0.116,0.65,392,0.538,0.057
next open,fresh + ≥6 panels + ATR ≥ 5 %,1.5,4.0,10,671,0.621,0.16,0.9,392,0.61,0.102
next open,fresh + ≥6 panels + ATR ≥ 5 %,1.5,4.0,20,671,0.709,0.227,1.28,392,0.712,0.264
next open,fresh + ≥6 panels + ATR ≥ 5 %,2.0,1.0,5,671,0.405,0.064,0.36,392,0.395,0.033
next open,fresh + ≥6 panels + ATR ≥ 5 %,2.0,1.0,10,671,0.365,0.068,0.38,392,0.355,0.031
next open,fresh + ≥6 panels + ATR ≥ 5 %,2.0,1.0,20,671,0.361,0.078,0.44,392,0.352,0.047
next open,fresh + ≥6 panels + ATR ≥ 5 %,2.0,1.5,5,671,0.493,0.146,0.82,392,0.472,0.103
next open,fresh + ≥6 panels + ATR ≥ 5 %,2.0,1.5,10,671,0.471,0.126,0.71,392,0.454,0.055
next open,fresh + ≥6 panels + ATR ≥ 5 %,2.0,1.5,20,671,0.472,0.158,0.89,392,0.452,0.078
next open,fresh + ≥6 panels + ATR ≥ 5 %,2.0,2.0,5,671,0.51,0.146,0.82,392,0.49,0.102
next open,fresh + ≥6 panels + ATR ≥ 5 %,2.0,2.0,10,671,0.523,0.167,0.94,392,0.503,0.087
next open,fresh + ≥6 panels + ATR ≥ 5 %,2.0,2.0,20,671,0.544,0.195,1.1,392,0.52,0.11
next open,fresh + ≥6 panels + ATR ≥ 5 %,2.0,3.0,5,671,0.522,0.152,0.86,392,0.505,0.103
next open,fresh + ≥6 panels + ATR ≥ 5 %,2.0,3.0,10,671,0.562,0.2,1.13,392,0.548,0.135
next open,fresh + ≥6 panels + ATR ≥ 5 %,2.0,3.0,20,671,0.626,0.271,1.53,392,0.628,0.279
next open,fresh + ≥6 panels + ATR ≥ 5 %,2.0,4.0,5,671,0.523,0.141,0.8,392,0.505,0.083
next open,fresh + ≥6 panels + ATR ≥ 5 %,2.0,4.0,10,671,0.566,0.207,1.16,392,0.551,0.133
next open,fresh + ≥6 panels + ATR ≥ 5 %,2.0,4.0,20,671,0.647,0.293,1.65,392,0.648,0.338
next open,fresh + ≥6 panels + ATR ≥ 5 %,3.0,1.0,5,671,0.392,0.124,0.7,392,0.375,0.079
next open,fresh + ≥6 panels + ATR ≥ 5 %,3.0,1.0,10,671,0.331,0.177,1.0,392,0.316,0.14
next open,fresh + ≥6 panels + ATR ≥ 5 %,3.0,1.0,20,671,0.301,0.174,0.98,392,0.298,0.158
next open,fresh + ≥6 panels + ATR ≥ 5 %,3.0,1.5,5,671,0.48,0.203,1.14,392,0.452,0.153
next open,fresh + ≥6 panels + ATR ≥ 5 %,3.0,1.5,10,671,0.432,0.256,1.44,392,0.413,0.198
next open,fresh + ≥6 panels + ATR ≥ 5 %,3.0,1.5,20,671,0.405,0.293,1.65,392,0.395,0.234
next open,fresh + ≥6 panels + ATR ≥ 5 %,3.0,2.0,5,671,0.498,0.207,1.16,392,0.472,0.154
next open,fresh + ≥6 panels + ATR ≥ 5 %,3.0,2.0,10,671,0.486,0.305,1.72,392,0.462,0.224
next open,fresh + ≥6 panels + ATR ≥ 5 %,3.0,2.0,20,671,0.478,0.379,2.13,392,0.464,0.31
next open,fresh + ≥6 panels + ATR ≥ 5 %,3.0,3.0,5,671,0.513,0.225,1.26,392,0.492,0.17
next open,fresh + ≥6 panels + ATR ≥ 5 %,3.0,3.0,10,671,0.525,0.349,1.96,392,0.508,0.277
next open,fresh + ≥6 panels + ATR ≥ 5 %,3.0,3.0,20,671,0.56,0.506,2.85,392,0.571,0.553
next open,fresh + ≥6 panels + ATR ≥ 5 %,3.0,4.0,5,671,0.514,0.215,1.21,392,0.492,0.151
next open,fresh + ≥6 panels + ATR ≥ 5 %,3.0,4.0,10,671,0.529,0.354,1.99,392,0.51,0.269
next open,fresh + ≥6 panels + ATR ≥ 5 %,3.0,4.0,20,671,0.584,0.543,3.05,392,0.597,0.628
next open,fresh + ≥6 panels + ATR ≥ 5 %,half@1,1.5,20,671,0.587,0.172,0.96,392,0.574,0.103
"next open, gap ≤ 0.5 ATR",all,0.5,1.0,5,3225,0.652,-0.011,-0.06,1411,0.617,-0.064
"next open, gap ≤ 0.5 ATR",all,0.5,1.0,10,3225,0.66,-0.009,-0.05,1411,0.624,-0.063
"next open, gap ≤ 0.5 ATR",all,0.5,1.0,20,3225,0.661,-0.008,-0.04,1411,0.626,-0.061
"next open, gap ≤ 0.5 ATR",all,0.5,1.5,5,3225,0.721,0.003,0.02,1411,0.697,-0.043
"next open, gap ≤ 0.5 ATR",all,0.5,1.5,10,3225,0.749,0.005,0.03,1411,0.726,-0.042
"next open, gap ≤ 0.5 ATR",all,0.5,1.5,20,3225,0.753,0.006,0.03,1411,0.731,-0.039
"next open, gap ≤ 0.5 ATR",all,0.5,2.0,5,3225,0.747,0.02,0.11,1411,0.732,-0.017
"next open, gap ≤ 0.5 ATR",all,0.5,2.0,10,3225,0.797,0.026,0.15,1411,0.783,-0.01
"next open, gap ≤ 0.5 ATR",all,0.5,2.0,20,3225,0.808,0.024,0.13,1411,0.795,-0.01
"next open, gap ≤ 0.5 ATR",all,0.5,3.0,5,3225,0.755,0.018,0.1,1411,0.745,-0.006
"next open, gap ≤ 0.5 ATR",all,0.5,3.0,10,3225,0.824,0.034,0.19,1411,0.818,0.018
"next open, gap ≤ 0.5 ATR",all,0.5,3.0,20,3225,0.856,0.037,0.21,1411,0.858,0.037
"next open, gap ≤ 0.5 ATR",all,0.5,4.0,5,3225,0.756,0.016,0.09,1411,0.746,-0.011
"next open, gap ≤ 0.5 ATR",all,0.5,4.0,10,3225,0.828,0.032,0.18,1411,0.82,0.011
"next open, gap ≤ 0.5 ATR",all,0.5,4.0,20,3225,0.87,0.037,0.21,1411,0.87,0.029
"next open, gap ≤ 0.5 ATR",all,1.0,1.0,5,3225,0.513,0.026,0.15,1411,0.493,-0.018
"next open, gap ≤ 0.5 ATR",all,1.0,1.0,10,3225,0.516,0.032,0.18,1411,0.489,-0.019
"next open, gap ≤ 0.5 ATR",all,1.0,1.0,20,3225,0.517,0.034,0.19,1411,0.493,-0.015
"next open, gap ≤ 0.5 ATR",all,1.0,1.5,5,3225,0.58,0.045,0.25,1411,0.567,0.006
"next open, gap ≤ 0.5 ATR",all,1.0,1.5,10,3225,0.613,0.05,0.28,1411,0.593,0.004
"next open, gap ≤ 0.5 ATR",all,1.0,1.5,20,3225,0.618,0.05,0.28,1411,0.6,0.003
"next open, gap ≤ 0.5 ATR",all,1.0,2.0,5,3225,0.605,0.061,0.34,1411,0.597,0.023
"next open, gap ≤ 0.5 ATR",all,1.0,2.0,10,3225,0.666,0.077,0.44,1411,0.648,0.032
"next open, gap ≤ 0.5 ATR",all,1.0,2.0,20,3225,0.687,0.074,0.42,1411,0.674,0.032
"next open, gap ≤ 0.5 ATR",all,1.0,3.0,5,3225,0.612,0.055,0.31,1411,0.607,0.029
"next open, gap ≤ 0.5 ATR",all,1.0,3.0,10,3225,0.695,0.077,0.43,1411,0.684,0.052
"next open, gap ≤ 0.5 ATR",all,1.0,3.0,20,3225,0.75,0.089,0.5,1411,0.75,0.082
"next open, gap ≤ 0.5 ATR",all,1.0,4.0,5,3225,0.613,0.052,0.29,1411,0.607,0.023
"next open, gap ≤ 0.5 ATR",all,1.0,4.0,10,3225,0.699,0.074,0.42,1411,0.688,0.047
"next open, gap ≤ 0.5 ATR",all,1.0,4.0,20,3225,0.767,0.098,0.55,1411,0.765,0.086
"next open, gap ≤ 0.5 ATR",all,1.5,1.0,5,3225,0.464,0.077,0.43,1411,0.442,0.031
"next open, gap ≤ 0.5 ATR",all,1.5,1.0,10,3225,0.447,0.097,0.55,1411,0.42,0.041
"next open, gap ≤ 0.5 ATR",all,1.5,1.0,20,3225,0.442,0.104,0.59,1411,0.421,0.05
"next open, gap ≤ 0.5 ATR",all,1.5,1.5,5,3225,0.532,0.103,0.58,1411,0.514,0.064
"next open, gap ≤ 0.5 ATR",all,1.5,1.5,10,3225,0.544,0.128,0.72,1411,0.523,0.075
"next open, gap ≤ 0.5 ATR",all,1.5,1.5,20,3225,0.545,0.138,0.78,1411,0.529,0.089
"next open, gap ≤ 0.5 ATR",all,1.5,2.0,5,3225,0.555,0.117,0.66,1411,0.541,0.075
"next open, gap ≤ 0.5 ATR",all,1.5,2.0,10,3225,0.595,0.155,0.87,1411,0.573,0.1
"next open, gap ≤ 0.5 ATR",all,1.5,2.0,20,3225,0.613,0.164,0.92,1411,0.602,0.122
"next open, gap ≤ 0.5 ATR",all,1.5,3.0,5,3225,0.561,0.109,0.61,1411,0.551,0.081
"next open, gap ≤ 0.5 ATR",all,1.5,3.0,10,3225,0.622,0.153,0.86,1411,0.609,0.123
"next open, gap ≤ 0.5 ATR",all,1.5,3.0,20,3225,0.681,0.191,1.08,1411,0.687,0.2
"next open, gap ≤ 0.5 ATR",all,1.5,4.0,5,3225,0.562,0.103,0.58,1411,0.551,0.069
"next open, gap ≤ 0.5 ATR",all,1.5,4.0,10,3225,0.626,0.149,0.84,1411,0.613,0.112
"next open, gap ≤ 0.5 ATR",all,1.5,4.0,20,3225,0.697,0.194,1.09,1411,0.701,0.196
"next open, gap ≤ 0.5 ATR",all,2.0,1.0,5,3225,0.442,0.102,0.57,1411,0.418,0.05
"next open, gap ≤ 0.5 ATR",all,2.0,1.0,10,3225,0.402,0.131,0.73,1411,0.374,0.069
"next open, gap ≤ 0.5 ATR",all,2.0,1.0,20,3225,0.387,0.15,0.84,1411,0.368,0.087
"next open, gap ≤ 0.5 ATR",all,2.0,1.5,5,3225,0.509,0.125,0.71,1411,0.488,0.081
"next open, gap ≤ 0.5 ATR",all,2.0,1.5,10,3225,0.498,0.166,0.93,1411,0.474,0.102
"next open, gap ≤ 0.5 ATR",all,2.0,1.5,20,3225,0.485,0.188,1.06,1411,0.465,0.111
"next open, gap ≤ 0.5 ATR",all,2.0,2.0,5,3225,0.532,0.139,0.78,1411,0.515,0.094
"next open, gap ≤ 0.5 ATR",all,2.0,2.0,10,3225,0.548,0.197,1.11,1411,0.525,0.138
"next open, gap ≤ 0.5 ATR",all,2.0,2.0,20,3225,0.553,0.222,1.25,1411,0.538,0.156
"next open, gap ≤ 0.5 ATR",all,2.0,3.0,5,3225,0.538,0.131,0.74,1411,0.524,0.102
"next open, gap ≤ 0.5 ATR",all,2.0,3.0,10,3225,0.577,0.199,1.12,1411,0.563,0.17
"next open, gap ≤ 0.5 ATR",all,2.0,3.0,20,3225,0.624,0.265,1.49,1411,0.627,0.262
"next open, gap ≤ 0.5 ATR",all,2.0,4.0,5,3225,0.539,0.125,0.7,1411,0.525,0.093
"next open, gap ≤ 0.5 ATR",all,2.0,4.0,10,3225,0.582,0.195,1.1,1411,0.568,0.162
"next open, gap ≤ 0.5 ATR",all,2.0,4.0,20,3225,0.641,0.27,1.52,1411,0.644,0.268
"next open, gap ≤ 0.5 ATR",all,3.0,1.0,5,3225,0.433,0.129,0.73,1411,0.408,0.088
"next open, gap ≤ 0.5 ATR",all,3.0,1.0,10,3225,0.368,0.186,1.05,1411,0.339,0.136
"next open, gap ≤ 0.5 ATR",all,3.0,1.0,20,3225,0.324,0.221,1.24,1411,0.308,0.161
"next open, gap ≤ 0.5 ATR",all,3.0,1.5,5,3225,0.5,0.155,0.87,1411,0.478,0.126
"next open, gap ≤ 0.5 ATR",all,3.0,1.5,10,3225,0.462,0.228,1.28,1411,0.437,0.189
"next open, gap ≤ 0.5 ATR",all,3.0,1.5,20,3225,0.415,0.265,1.49,1411,0.401,0.21
"next open, gap ≤ 0.5 ATR",all,3.0,2.0,5,3225,0.522,0.171,0.96,1411,0.505,0.142
"next open, gap ≤ 0.5 ATR",all,3.0,2.0,10,3225,0.512,0.262,1.47,1411,0.486,0.227
"next open, gap ≤ 0.5 ATR",all,3.0,2.0,20,3225,0.481,0.306,1.72,1411,0.47,0.262
"next open, gap ≤ 0.5 ATR",all,3.0,3.0,5,3225,0.528,0.164,0.92,1411,0.515,0.15
"next open, gap ≤ 0.5 ATR",all,3.0,3.0,10,3225,0.542,0.268,1.51,1411,0.525,0.266
"next open, gap ≤ 0.5 ATR",all,3.0,3.0,20,3225,0.551,0.368,2.07,1411,0.558,0.402
"next open, gap ≤ 0.5 ATR",all,3.0,4.0,5,3225,0.529,0.158,0.89,1411,0.516,0.142
"next open, gap ≤ 0.5 ATR",all,3.0,4.0,10,3225,0.547,0.263,1.48,1411,0.53,0.257
"next open, gap ≤ 0.5 ATR",all,3.0,4.0,20,3225,0.569,0.381,2.14,1411,0.575,0.417
"next open, gap ≤ 0.5 ATR",all,half@1,1.5,20,3225,0.579,0.185,1.04,1411,0.557,0.132
"next open, gap ≤ 0.5 ATR",fresh,0.5,1.0,5,1668,0.647,-0.02,-0.11,759,0.622,-0.06
"next open, gap ≤ 0.5 ATR",fresh,0.5,1.0,10,1668,0.656,-0.014,-0.08,759,0.627,-0.058
"next open, gap ≤ 0.5 ATR",fresh,0.5,1.0,20,1668,0.658,-0.013,-0.07,759,0.63,-0.055
"next open, gap ≤ 0.5 ATR",fresh,0.5,1.5,5,1668,0.719,0.002,0.01,759,0.704,-0.036
"next open, gap ≤ 0.5 ATR",fresh,0.5,1.5,10,1668,0.748,0.002,0.01,759,0.729,-0.04
"next open, gap ≤ 0.5 ATR",fresh,0.5,1.5,20,1668,0.751,0.003,0.02,759,0.731,-0.038
"next open, gap ≤ 0.5 ATR",fresh,0.5,2.0,5,1668,0.744,0.016,0.09,759,0.738,-0.014
"next open, gap ≤ 0.5 ATR",fresh,0.5,2.0,10,1668,0.799,0.029,0.16,759,0.789,-0.002
"next open, gap ≤ 0.5 ATR",fresh,0.5,2.0,20,1668,0.809,0.025,0.14,759,0.798,-0.001
"next open, gap ≤ 0.5 ATR",fresh,0.5,3.0,5,1668,0.754,0.014,0.08,759,0.751,-0.019
"next open, gap ≤ 0.5 ATR",fresh,0.5,3.0,10,1668,0.826,0.031,0.17,759,0.818,-0.011
"next open, gap ≤ 0.5 ATR",fresh,0.5,3.0,20,1668,0.853,0.021,0.12,759,0.846,-0.012
"next open, gap ≤ 0.5 ATR",fresh,0.5,4.0,5,1668,0.755,0.009,0.05,759,0.751,-0.033
"next open, gap ≤ 0.5 ATR",fresh,0.5,4.0,10,1668,0.827,0.026,0.14,759,0.819,-0.024
"next open, gap ≤ 0.5 ATR",fresh,0.5,4.0,20,1668,0.866,0.02,0.11,759,0.863,-0.003
"next open, gap ≤ 0.5 ATR",fresh,1.0,1.0,5,1668,0.514,0.029,0.17,759,0.501,-0.001
"next open, gap ≤ 0.5 ATR",fresh,1.0,1.0,10,1668,0.515,0.03,0.17,759,0.495,-0.005
"next open, gap ≤ 0.5 ATR",fresh,1.0,1.0,20,1668,0.516,0.032,0.18,759,0.499,-0.002
"next open, gap ≤ 0.5 ATR",fresh,1.0,1.5,5,1668,0.582,0.049,0.27,759,0.57,0.011
"next open, gap ≤ 0.5 ATR",fresh,1.0,1.5,10,1668,0.609,0.043,0.24,759,0.59,-0.001
"next open, gap ≤ 0.5 ATR",fresh,1.0,1.5,20,1668,0.615,0.041,0.23,759,0.598,-0.002
"next open, gap ≤ 0.5 ATR",fresh,1.0,2.0,5,1668,0.604,0.051,0.29,759,0.598,0.015
"next open, gap ≤ 0.5 ATR",fresh,1.0,2.0,10,1668,0.662,0.064,0.36,759,0.64,0.006
"next open, gap ≤ 0.5 ATR",fresh,1.0,2.0,20,1668,0.683,0.06,0.34,759,0.665,0.004
"next open, gap ≤ 0.5 ATR",fresh,1.0,3.0,5,1668,0.613,0.045,0.25,759,0.611,0.006
"next open, gap ≤ 0.5 ATR",fresh,1.0,3.0,10,1668,0.693,0.063,0.35,759,0.676,0.0
"next open, gap ≤ 0.5 ATR",fresh,1.0,3.0,20,1668,0.745,0.064,0.36,759,0.734,0.003
"next open, gap ≤ 0.5 ATR",fresh,1.0,4.0,5,1668,0.614,0.037,0.21,759,0.611,-0.013
"next open, gap ≤ 0.5 ATR",fresh,1.0,4.0,10,1668,0.695,0.052,0.29,759,0.679,-0.018
"next open, gap ≤ 0.5 ATR",fresh,1.0,4.0,20,1668,0.763,0.072,0.41,759,0.756,0.034
"next open, gap ≤ 0.5 ATR",fresh,1.5,1.0,5,1668,0.46,0.067,0.38,759,0.439,0.016
"next open, gap ≤ 0.5 ATR",fresh,1.5,1.0,10,1668,0.439,0.081,0.45,759,0.414,0.022
"next open, gap ≤ 0.5 ATR",fresh,1.5,1.0,20,1668,0.436,0.089,0.5,759,0.414,0.031
"next open, gap ≤ 0.5 ATR",fresh,1.5,1.5,5,1668,0.528,0.097,0.55,759,0.506,0.04
"next open, gap ≤ 0.5 ATR",fresh,1.5,1.5,10,1668,0.536,0.109,0.61,759,0.509,0.037
"next open, gap ≤ 0.5 ATR",fresh,1.5,1.5,20,1668,0.54,0.123,0.69,759,0.519,0.057
"next open, gap ≤ 0.5 ATR",fresh,1.5,2.0,5,1668,0.547,0.096,0.54,759,0.528,0.034
"next open, gap ≤ 0.5 ATR",fresh,1.5,2.0,10,1668,0.587,0.131,0.74,759,0.555,0.04
"next open, gap ≤ 0.5 ATR",fresh,1.5,2.0,20,1668,0.608,0.145,0.81,759,0.582,0.052
"next open, gap ≤ 0.5 ATR",fresh,1.5,3.0,5,1668,0.556,0.088,0.5,759,0.542,0.023
"next open, gap ≤ 0.5 ATR",fresh,1.5,3.0,10,1668,0.618,0.122,0.69,759,0.59,0.031
"next open, gap ≤ 0.5 ATR",fresh,1.5,3.0,20,1668,0.678,0.17,0.96,759,0.665,0.091
"next open, gap ≤ 0.5 ATR",fresh,1.5,4.0,5,1668,0.556,0.079,0.44,759,0.542,0.003
"next open, gap ≤ 0.5 ATR",fresh,1.5,4.0,10,1668,0.621,0.112,0.63,759,0.594,0.013
"next open, gap ≤ 0.5 ATR",fresh,1.5,4.0,20,1668,0.696,0.178,1.0,759,0.686,0.127
"next open, gap ≤ 0.5 ATR",fresh,2.0,1.0,5,1668,0.436,0.083,0.47,759,0.408,0.006
"next open, gap ≤ 0.5 ATR",fresh,2.0,1.0,10,1668,0.39,0.099,0.55,759,0.357,0.014
"next open, gap ≤ 0.5 ATR",fresh,2.0,1.0,20,1668,0.376,0.116,0.65,759,0.35,0.031
"next open, gap ≤ 0.5 ATR",fresh,2.0,1.5,5,1668,0.504,0.113,0.64,759,0.474,0.031
"next open, gap ≤ 0.5 ATR",fresh,2.0,1.5,10,1668,0.487,0.134,0.75,759,0.451,0.026
"next open, gap ≤ 0.5 ATR",fresh,2.0,1.5,20,1668,0.478,0.163,0.91,759,0.449,0.053
"next open, gap ≤ 0.5 ATR",fresh,2.0,2.0,5,1668,0.522,0.112,0.63,759,0.497,0.029
"next open, gap ≤ 0.5 ATR",fresh,2.0,2.0,10,1668,0.54,0.165,0.93,759,0.499,0.048
"next open, gap ≤ 0.5 ATR",fresh,2.0,2.0,20,1668,0.544,0.187,1.05,759,0.514,0.062
"next open, gap ≤ 0.5 ATR",fresh,2.0,3.0,5,1668,0.531,0.104,0.59,759,0.51,0.018
"next open, gap ≤ 0.5 ATR",fresh,2.0,3.0,10,1668,0.571,0.159,0.9,759,0.535,0.042
"next open, gap ≤ 0.5 ATR",fresh,2.0,3.0,20,1668,0.619,0.23,1.29,759,0.603,0.128
"next open, gap ≤ 0.5 ATR",fresh,2.0,4.0,5,1668,0.532,0.096,0.54,759,0.511,0.005
"next open, gap ≤ 0.5 ATR",fresh,2.0,4.0,10,1668,0.574,0.15,0.85,759,0.54,0.032
"next open, gap ≤ 0.5 ATR",fresh,2.0,4.0,20,1668,0.638,0.239,1.35,759,0.628,0.178
"next open, gap ≤ 0.5 ATR",fresh,3.0,1.0,5,1668,0.426,0.116,0.65,759,0.398,0.05
"next open, gap ≤ 0.5 ATR",fresh,3.0,1.0,10,1668,0.358,0.167,0.94,759,0.324,0.09
"next open, gap ≤ 0.5 ATR",fresh,3.0,1.0,20,1668,0.316,0.199,1.12,759,0.295,0.108
"next open, gap ≤ 0.5 ATR",fresh,3.0,1.5,5,1668,0.493,0.148,0.83,759,0.464,0.079
"next open, gap ≤ 0.5 ATR",fresh,3.0,1.5,10,1668,0.453,0.21,1.18,759,0.415,0.12
"next open, gap ≤ 0.5 ATR",fresh,3.0,1.5,20,1668,0.412,0.263,1.48,759,0.39,0.155
"next open, gap ≤ 0.5 ATR",fresh,3.0,2.0,5,1668,0.51,0.146,0.82,759,0.486,0.079
"next open, gap ≤ 0.5 ATR",fresh,3.0,2.0,10,1668,0.505,0.25,1.41,759,0.464,0.158
"next open, gap ≤ 0.5 ATR",fresh,3.0,2.0,20,1668,0.478,0.305,1.72,759,0.455,0.196
"next open, gap ≤ 0.5 ATR",fresh,3.0,3.0,5,1668,0.519,0.14,0.79,759,0.501,0.073
"next open, gap ≤ 0.5 ATR",fresh,3.0,3.0,10,1668,0.537,0.245,1.38,759,0.501,0.159
"next open, gap ≤ 0.5 ATR",fresh,3.0,3.0,20,1668,0.552,0.368,2.07,759,0.544,0.303
"next open, gap ≤ 0.5 ATR",fresh,3.0,4.0,5,1668,0.52,0.133,0.75,759,0.502,0.061
"next open, gap ≤ 0.5 ATR",fresh,3.0,4.0,10,1668,0.54,0.235,1.32,759,0.506,0.148
"next open, gap ≤ 0.5 ATR",fresh,3.0,4.0,20,1668,0.572,0.383,2.15,759,0.57,0.362
"next open, gap ≤ 0.5 ATR",fresh,half@1,1.5,20,1668,0.573,0.149,0.84,759,0.555,0.065
"next open, gap ≤ 0.5 ATR",fresh + ≥6 panels,0.5,1.0,5,1357,0.648,-0.019,-0.11,631,0.621,-0.06
"next open, gap ≤ 0.5 ATR",fresh + ≥6 panels,0.5,1.0,10,1357,0.657,-0.014,-0.08,631,0.628,-0.057
"next open, gap ≤ 0.5 ATR",fresh + ≥6 panels,0.5,1.0,20,1357,0.658,-0.013,-0.07,631,0.629,-0.056
"next open, gap ≤ 0.5 ATR",fresh + ≥6 panels,0.5,1.5,5,1357,0.72,0.003,0.02,631,0.702,-0.038
"next open, gap ≤ 0.5 ATR",fresh + ≥6 panels,0.5,1.5,10,1357,0.747,-0.001,-0.01,631,0.729,-0.04
"next open, gap ≤ 0.5 ATR",fresh + ≥6 panels,0.5,1.5,20,1357,0.75,0.0,0.0,631,0.731,-0.039
"next open, gap ≤ 0.5 ATR",fresh + ≥6 panels,0.5,2.0,5,1357,0.747,0.015,0.09,631,0.739,-0.018
"next open, gap ≤ 0.5 ATR",fresh + ≥6 panels,0.5,2.0,10,1357,0.797,0.021,0.12,631,0.789,-0.008
"next open, gap ≤ 0.5 ATR",fresh + ≥6 panels,0.5,2.0,20,1357,0.808,0.02,0.11,631,0.797,-0.006
"next open, gap ≤ 0.5 ATR",fresh + ≥6 panels,0.5,3.0,5,1357,0.759,0.018,0.1,631,0.753,-0.023
"next open, gap ≤ 0.5 ATR",fresh + ≥6 panels,0.5,3.0,10,1357,0.825,0.022,0.12,631,0.818,-0.018
"next open, gap ≤ 0.5 ATR",fresh + ≥6 panels,0.5,3.0,20,1357,0.853,0.016,0.09,631,0.846,-0.015
"next open, gap ≤ 0.5 ATR",fresh + ≥6 panels,0.5,4.0,5,1357,0.76,0.01,0.06,631,0.753,-0.042
"next open, gap ≤ 0.5 ATR",fresh + ≥6 panels,0.5,4.0,10,1357,0.828,0.012,0.07,631,0.819,-0.035
"next open, gap ≤ 0.5 ATR",fresh + ≥6 panels,0.5,4.0,20,1357,0.869,0.02,0.11,631,0.867,0.006
"next open, gap ≤ 0.5 ATR",fresh + ≥6 panels,1.0,1.0,5,1357,0.512,0.027,0.15,631,0.496,-0.011
"next open, gap ≤ 0.5 ATR",fresh + ≥6 panels,1.0,1.0,10,1357,0.511,0.025,0.14,631,0.488,-0.019
"next open, gap ≤ 0.5 ATR",fresh + ≥6 panels,1.0,1.0,20,1357,0.513,0.026,0.15,631,0.491,-0.016
"next open, gap ≤ 0.5 ATR",fresh + ≥6 panels,1.0,1.5,5,1357,0.581,0.049,0.28,631,0.567,0.002
"next open, gap ≤ 0.5 ATR",fresh + ≥6 panels,1.0,1.5,10,1357,0.607,0.037,0.21,631,0.586,-0.012
"next open, gap ≤ 0.5 ATR",fresh + ≥6 panels,1.0,1.5,20,1357,0.614,0.038,0.21,631,0.594,-0.01
"next open, gap ≤ 0.5 ATR",fresh + ≥6 panels,1.0,2.0,5,1357,0.605,0.051,0.28,631,0.596,0.004
"next open, gap ≤ 0.5 ATR",fresh + ≥6 panels,1.0,2.0,10,1357,0.66,0.054,0.31,631,0.637,-0.007
"next open, gap ≤ 0.5 ATR",fresh + ≥6 panels,1.0,2.0,20,1357,0.682,0.058,0.32,631,0.664,0.0
"next open, gap ≤ 0.5 ATR",fresh + ≥6 panels,1.0,3.0,5,1357,0.615,0.048,0.27,631,0.609,-0.011
"next open, gap ≤ 0.5 ATR",fresh + ≥6 panels,1.0,3.0,10,1357,0.691,0.05,0.28,631,0.672,-0.02
"next open, gap ≤ 0.5 ATR",fresh + ≥6 panels,1.0,3.0,20,1357,0.746,0.067,0.38,631,0.732,-0.006
"next open, gap ≤ 0.5 ATR",fresh + ≥6 panels,1.0,4.0,5,1357,0.616,0.038,0.21,631,0.609,-0.036
"next open, gap ≤ 0.5 ATR",fresh + ≥6 panels,1.0,4.0,10,1357,0.694,0.034,0.19,631,0.675,-0.045
"next open, gap ≤ 0.5 ATR",fresh + ≥6 panels,1.0,4.0,20,1357,0.766,0.077,0.43,631,0.758,0.037
"next open, gap ≤ 0.5 ATR",fresh + ≥6 panels,1.5,1.0,5,1357,0.459,0.062,0.35,631,0.437,0.01
"next open, gap ≤ 0.5 ATR",fresh + ≥6 panels,1.5,1.0,10,1357,0.436,0.073,0.41,631,0.41,0.014
"next open, gap ≤ 0.5 ATR",fresh + ≥6 panels,1.5,1.0,20,1357,0.434,0.085,0.48,631,0.41,0.025
"next open, gap ≤ 0.5 ATR",fresh + ≥6 panels,1.5,1.5,5,1357,0.528,0.095,0.54,631,0.507,0.039
"next open, gap ≤ 0.5 ATR",fresh + ≥6 panels,1.5,1.5,10,1357,0.535,0.104,0.59,631,0.512,0.04
"next open, gap ≤ 0.5 ATR",fresh + ≥6 panels,1.5,1.5,20,1357,0.541,0.124,0.7,631,0.521,0.067
"next open, gap ≤ 0.5 ATR",fresh + ≥6 panels,1.5,2.0,5,1357,0.549,0.094,0.53,631,0.531,0.033
"next open, gap ≤ 0.5 ATR",fresh + ≥6 panels,1.5,2.0,10,1357,0.584,0.119,0.67,631,0.556,0.037
"next open, gap ≤ 0.5 ATR",fresh + ≥6 panels,1.5,2.0,20,1357,0.61,0.148,0.83,631,0.586,0.07
"next open, gap ≤ 0.5 ATR",fresh + ≥6 panels,1.5,3.0,5,1357,0.559,0.087,0.49,631,0.544,0.013
"next open, gap ≤ 0.5 ATR",fresh + ≥6 panels,1.5,3.0,10,1357,0.615,0.109,0.61,631,0.591,0.02
"next open, gap ≤ 0.5 ATR",fresh + ≥6 panels,1.5,3.0,20,1357,0.683,0.182,1.02,631,0.669,0.099
"next open, gap ≤ 0.5 ATR",fresh + ≥6 panels,1.5,4.0,5,1357,0.559,0.076,0.43,631,0.544,-0.013
"next open, gap ≤ 0.5 ATR",fresh + ≥6 panels,1.5,4.0,10,1357,0.619,0.096,0.54,631,0.596,-0.002
"next open, gap ≤ 0.5 ATR",fresh + ≥6 panels,1.5,4.0,20,1357,0.702,0.189,1.06,631,0.693,0.148
"next open, gap ≤ 0.5 ATR",fresh + ≥6 panels,2.0,1.0,5,1357,0.437,0.077,0.43,631,0.414,0.018
"next open, gap ≤ 0.5 ATR",fresh + ≥6 panels,2.0,1.0,10,1357,0.387,0.093,0.53,631,0.361,0.029
"next open, gap ≤ 0.5 ATR",fresh + ≥6 panels,2.0,1.0,20,1357,0.374,0.116,0.65,631,0.353,0.047
"next open, gap ≤ 0.5 ATR",fresh + ≥6 panels,2.0,1.5,5,1357,0.505,0.11,0.62,631,0.482,0.049
"next open, gap ≤ 0.5 ATR",fresh + ≥6 panels,2.0,1.5,10,1357,0.486,0.13,0.73,631,0.46,0.053
"next open, gap ≤ 0.5 ATR",fresh + ≥6 panels,2.0,1.5,20,1357,0.479,0.17,0.96,631,0.456,0.087
"next open, gap ≤ 0.5 ATR",fresh + ≥6 panels,2.0,2.0,5,1357,0.525,0.107,0.6,631,0.506,0.046
"next open, gap ≤ 0.5 ATR",fresh + ≥6 panels,2.0,2.0,10,1357,0.534,0.15,0.85,631,0.502,0.059
"next open, gap ≤ 0.5 ATR",fresh + ≥6 panels,2.0,2.0,20,1357,0.548,0.199,1.12,631,0.52,0.093
"next open, gap ≤ 0.5 ATR",fresh + ≥6 panels,2.0,3.0,5,1357,0.534,0.102,0.57,631,0.518,0.028
"next open, gap ≤ 0.5 ATR",fresh + ≥6 panels,2.0,3.0,10,1357,0.567,0.146,0.82,631,0.539,0.047
"next open, gap ≤ 0.5 ATR",fresh + ≥6 panels,2.0,3.0,20,1357,0.624,0.251,1.41,631,0.609,0.153
"next open, gap ≤ 0.5 ATR",fresh + ≥6 panels,2.0,4.0,5,1357,0.535,0.088,0.5,631,0.518,0.001
"next open, gap ≤ 0.5 ATR",fresh + ≥6 panels,2.0,4.0,10,1357,0.57,0.131,0.74,631,0.544,0.028
"next open, gap ≤ 0.5 ATR",fresh + ≥6 panels,2.0,4.0,20,1357,0.643,0.259,1.45,631,0.634,0.213
"next open, gap ≤ 0.5 ATR",fresh + ≥6 panels,3.0,1.0,5,1357,0.427,0.11,0.62,631,0.403,0.068
"next open, gap ≤ 0.5 ATR",fresh + ≥6 panels,3.0,1.0,10,1357,0.355,0.169,0.95,631,0.331,0.128
"next open, gap ≤ 0.5 ATR",fresh + ≥6 panels,3.0,1.0,20,1357,0.316,0.209,1.18,631,0.304,0.153
"next open, gap ≤ 0.5 ATR",fresh + ≥6 panels,3.0,1.5,5,1357,0.494,0.144,0.81,631,0.471,0.104
"next open, gap ≤ 0.5 ATR",fresh + ≥6 panels,3.0,1.5,10,1357,0.451,0.216,1.22,631,0.428,0.177
"next open, gap ≤ 0.5 ATR",fresh + ≥6 panels,3.0,1.5,20,1357,0.416,0.287,1.62,631,0.404,0.23
"next open, gap ≤ 0.5 ATR",fresh + ≥6 panels,3.0,2.0,5,1357,0.514,0.142,0.8,631,0.494,0.103
"next open, gap ≤ 0.5 ATR",fresh + ≥6 panels,3.0,2.0,10,1357,0.499,0.245,1.38,631,0.471,0.191
"next open, gap ≤ 0.5 ATR",fresh + ≥6 panels,3.0,2.0,20,1357,0.484,0.338,1.9,631,0.469,0.283
"next open, gap ≤ 0.5 ATR",fresh + ≥6 panels,3.0,3.0,5,1357,0.524,0.138,0.78,631,0.509,0.089
"next open, gap ≤ 0.5 ATR",fresh + ≥6 panels,3.0,3.0,10,1357,0.533,0.239,1.35,631,0.509,0.183
"next open, gap ≤ 0.5 ATR",fresh + ≥6 panels,3.0,3.0,20,1357,0.561,0.415,2.33,631,0.558,0.391
"next open, gap ≤ 0.5 ATR",fresh + ≥6 panels,3.0,4.0,5,1357,0.525,0.125,0.7,631,0.509,0.063
"next open, gap ≤ 0.5 ATR",fresh + ≥6 panels,3.0,4.0,10,1357,0.536,0.221,1.25,631,0.513,0.161
"next open, gap ≤ 0.5 ATR",fresh + ≥6 panels,3.0,4.0,20,1357,0.581,0.427,2.4,631,0.585,0.455
"next open, gap ≤ 0.5 ATR",fresh + ≥6 panels,half@1,1.5,20,1357,0.569,0.149,0.84,631,0.552,0.082
"next open, gap ≤ 0.5 ATR",ATR ≥ 5 %,0.5,1.0,5,1481,0.646,-0.025,-0.14,806,0.615,-0.07
"next open, gap ≤ 0.5 ATR",ATR ≥ 5 %,0.5,1.0,10,1481,0.649,-0.025,-0.14,806,0.619,-0.07
"next open, gap ≤ 0.5 ATR",ATR ≥ 5 %,0.5,1.0,20,1481,0.65,-0.025,-0.14,806,0.622,-0.068
"next open, gap ≤ 0.5 ATR",ATR ≥ 5 %,0.5,1.5,5,1481,0.729,0.014,0.08,806,0.707,-0.025
"next open, gap ≤ 0.5 ATR",ATR ≥ 5 %,0.5,1.5,10,1481,0.75,0.009,0.05,806,0.734,-0.026
"next open, gap ≤ 0.5 ATR",ATR ≥ 5 %,0.5,1.5,20,1481,0.754,0.009,0.05,806,0.739,-0.021
"next open, gap ≤ 0.5 ATR",ATR ≥ 5 %,0.5,2.0,5,1481,0.757,0.042,0.24,806,0.751,0.024
"next open, gap ≤ 0.5 ATR",ATR ≥ 5 %,0.5,2.0,10,1481,0.803,0.042,0.23,806,0.801,0.033
"next open, gap ≤ 0.5 ATR",ATR ≥ 5 %,0.5,2.0,20,1481,0.812,0.036,0.2,806,0.813,0.033
"next open, gap ≤ 0.5 ATR",ATR ≥ 5 %,0.5,3.0,5,1481,0.764,0.044,0.25,806,0.763,0.042
"next open, gap ≤ 0.5 ATR",ATR ≥ 5 %,0.5,3.0,10,1481,0.831,0.075,0.42,806,0.841,0.101
"next open, gap ≤ 0.5 ATR",ATR ≥ 5 %,0.5,3.0,20,1481,0.866,0.077,0.43,806,0.882,0.118
"next open, gap ≤ 0.5 ATR",ATR ≥ 5 %,0.5,4.0,5,1481,0.765,0.045,0.25,806,0.763,0.037
"next open, gap ≤ 0.5 ATR",ATR ≥ 5 %,0.5,4.0,10,1481,0.835,0.082,0.46,806,0.841,0.095
"next open, gap ≤ 0.5 ATR",ATR ≥ 5 %,0.5,4.0,20,1481,0.88,0.086,0.48,806,0.891,0.109
"next open, gap ≤ 0.5 ATR",ATR ≥ 5 %,1.0,1.0,5,1481,0.502,0.01,0.06,806,0.483,-0.032
"next open, gap ≤ 0.5 ATR",ATR ≥ 5 %,1.0,1.0,10,1481,0.506,0.012,0.07,806,0.485,-0.028
"next open, gap ≤ 0.5 ATR",ATR ≥ 5 %,1.0,1.0,20,1481,0.506,0.013,0.07,806,0.488,-0.025
"next open, gap ≤ 0.5 ATR",ATR ≥ 5 %,1.0,1.5,5,1481,0.58,0.047,0.26,806,0.566,0.007
"next open, gap ≤ 0.5 ATR",ATR ≥ 5 %,1.0,1.5,10,1481,0.605,0.031,0.17,806,0.587,-0.014
"next open, gap ≤ 0.5 ATR",ATR ≥ 5 %,1.0,1.5,20,1481,0.608,0.027,0.15,806,0.592,-0.016
"next open, gap ≤ 0.5 ATR",ATR ≥ 5 %,1.0,2.0,5,1481,0.606,0.069,0.39,806,0.6,0.043
"next open, gap ≤ 0.5 ATR",ATR ≥ 5 %,1.0,2.0,10,1481,0.659,0.062,0.35,806,0.648,0.034
"next open, gap ≤ 0.5 ATR",ATR ≥ 5 %,1.0,2.0,20,1481,0.681,0.057,0.32,806,0.676,0.039
"next open, gap ≤ 0.5 ATR",ATR ≥ 5 %,1.0,3.0,5,1481,0.612,0.069,0.39,806,0.61,0.062
"next open, gap ≤ 0.5 ATR",ATR ≥ 5 %,1.0,3.0,10,1481,0.69,0.089,0.5,806,0.692,0.102
"next open, gap ≤ 0.5 ATR",ATR ≥ 5 %,1.0,3.0,20,1481,0.749,0.093,0.52,806,0.762,0.138
"next open, gap ≤ 0.5 ATR",ATR ≥ 5 %,1.0,4.0,5,1481,0.613,0.072,0.4,806,0.61,0.059
"next open, gap ≤ 0.5 ATR",ATR ≥ 5 %,1.0,4.0,10,1481,0.695,0.103,0.58,806,0.694,0.103
"next open, gap ≤ 0.5 ATR",ATR ≥ 5 %,1.0,4.0,20,1481,0.766,0.112,0.63,806,0.774,0.144
"next open, gap ≤ 0.5 ATR",ATR ≥ 5 %,1.5,1.0,5,1481,0.45,0.08,0.45,806,0.432,0.035
"next open, gap ≤ 0.5 ATR",ATR ≥ 5 %,1.5,1.0,10,1481,0.439,0.09,0.51,806,0.421,0.046
"next open, gap ≤ 0.5 ATR",ATR ≥ 5 %,1.5,1.0,20,1481,0.438,0.093,0.52,806,0.422,0.052
"next open, gap ≤ 0.5 ATR",ATR ≥ 5 %,1.5,1.5,5,1481,0.527,0.128,0.72,806,0.512,0.091
"next open, gap ≤ 0.5 ATR",ATR ≥ 5 %,1.5,1.5,10,1481,0.535,0.121,0.68,806,0.522,0.077
"next open, gap ≤ 0.5 ATR",ATR ≥ 5 %,1.5,1.5,20,1481,0.537,0.118,0.66,806,0.529,0.086
"next open, gap ≤ 0.5 ATR",ATR ≥ 5 %,1.5,2.0,5,1481,0.549,0.141,0.79,806,0.541,0.116
"next open, gap ≤ 0.5 ATR",ATR ≥ 5 %,1.5,2.0,10,1481,0.587,0.157,0.88,806,0.582,0.138
"next open, gap ≤ 0.5 ATR",ATR ≥ 5 %,1.5,2.0,20,1481,0.609,0.151,0.85,806,0.614,0.163
"next open, gap ≤ 0.5 ATR",ATR ≥ 5 %,1.5,3.0,5,1481,0.555,0.14,0.79,806,0.551,0.135
"next open, gap ≤ 0.5 ATR",ATR ≥ 5 %,1.5,3.0,10,1481,0.618,0.191,1.08,806,0.624,0.214
"next open, gap ≤ 0.5 ATR",ATR ≥ 5 %,1.5,3.0,20,1481,0.68,0.198,1.11,806,0.705,0.29
"next open, gap ≤ 0.5 ATR",ATR ≥ 5 %,1.5,4.0,5,1481,0.556,0.143,0.81,806,0.551,0.132
"next open, gap ≤ 0.5 ATR",ATR ≥ 5 %,1.5,4.0,10,1481,0.623,0.213,1.2,806,0.627,0.223
"next open, gap ≤ 0.5 ATR",ATR ≥ 5 %,1.5,4.0,20,1481,0.695,0.215,1.21,806,0.716,0.304
"next open, gap ≤ 0.5 ATR",ATR ≥ 5 %,2.0,1.0,5,1481,0.425,0.115,0.65,806,0.404,0.064
"next open, gap ≤ 0.5 ATR",ATR ≥ 5 %,2.0,1.0,10,1481,0.394,0.131,0.74,806,0.375,0.08
"next open, gap ≤ 0.5 ATR",ATR ≥ 5 %,2.0,1.0,20,1481,0.383,0.139,0.78,806,0.367,0.086
"next open, gap ≤ 0.5 ATR",ATR ≥ 5 %,2.0,1.5,5,1481,0.501,0.163,0.91,806,0.483,0.12
"next open, gap ≤ 0.5 ATR",ATR ≥ 5 %,2.0,1.5,10,1481,0.488,0.167,0.94,806,0.474,0.114
"next open, gap ≤ 0.5 ATR",ATR ≥ 5 %,2.0,1.5,20,1481,0.478,0.17,0.96,806,0.467,0.119
"next open, gap ≤ 0.5 ATR",ATR ≥ 5 %,2.0,2.0,5,1481,0.523,0.178,1.0,806,0.511,0.152
"next open, gap ≤ 0.5 ATR",ATR ≥ 5 %,2.0,2.0,10,1481,0.54,0.213,1.2,806,0.536,0.198
"next open, gap ≤ 0.5 ATR",ATR ≥ 5 %,2.0,2.0,20,1481,0.546,0.202,1.14,806,0.547,0.205
"next open, gap ≤ 0.5 ATR",ATR ≥ 5 %,2.0,3.0,5,1481,0.529,0.179,1.01,806,0.521,0.174
"next open, gap ≤ 0.5 ATR",ATR ≥ 5 %,2.0,3.0,10,1481,0.573,0.256,1.44,806,0.579,0.288
"next open, gap ≤ 0.5 ATR",ATR ≥ 5 %,2.0,3.0,20,1481,0.621,0.275,1.55,806,0.644,0.373
"next open, gap ≤ 0.5 ATR",ATR ≥ 5 %,2.0,4.0,5,1481,0.529,0.182,1.02,806,0.521,0.171
"next open, gap ≤ 0.5 ATR",ATR ≥ 5 %,2.0,4.0,10,1481,0.577,0.278,1.57,806,0.582,0.299
"next open, gap ≤ 0.5 ATR",ATR ≥ 5 %,2.0,4.0,20,1481,0.638,0.299,1.68,806,0.658,0.402
"next open, gap ≤ 0.5 ATR",ATR ≥ 5 %,3.0,1.0,5,1481,0.413,0.155,0.87,806,0.392,0.111
"next open, gap ≤ 0.5 ATR",ATR ≥ 5 %,3.0,1.0,10,1481,0.359,0.211,1.19,806,0.34,0.173
"next open, gap ≤ 0.5 ATR",ATR ≥ 5 %,3.0,1.0,20,1481,0.317,0.216,1.22,806,0.313,0.196
"next open, gap ≤ 0.5 ATR",ATR ≥ 5 %,3.0,1.5,5,1481,0.489,0.205,1.15,806,0.471,0.177
"next open, gap ≤ 0.5 ATR",ATR ≥ 5 %,3.0,1.5,10,1481,0.451,0.259,1.46,806,0.437,0.232
"next open, gap ≤ 0.5 ATR",ATR ≥ 5 %,3.0,1.5,20,1481,0.404,0.261,1.47,806,0.406,0.253
"next open, gap ≤ 0.5 ATR",ATR ≥ 5 %,3.0,2.0,5,1481,0.51,0.222,1.25,806,0.499,0.209
"next open, gap ≤ 0.5 ATR",ATR ≥ 5 %,3.0,2.0,10,1481,0.502,0.305,1.71,806,0.495,0.311
"next open, gap ≤ 0.5 ATR",ATR ≥ 5 %,3.0,2.0,20,1481,0.469,0.298,1.67,806,0.478,0.335
"next open, gap ≤ 0.5 ATR",ATR ≥ 5 %,3.0,3.0,5,1481,0.517,0.226,1.27,806,0.51,0.233
"next open, gap ≤ 0.5 ATR",ATR ≥ 5 %,3.0,3.0,10,1481,0.535,0.355,2.0,806,0.538,0.409
"next open, gap ≤ 0.5 ATR",ATR ≥ 5 %,3.0,3.0,20,1481,0.542,0.396,2.23,806,0.571,0.536
"next open, gap ≤ 0.5 ATR",ATR ≥ 5 %,3.0,4.0,5,1481,0.518,0.23,1.29,806,0.51,0.23
"next open, gap ≤ 0.5 ATR",ATR ≥ 5 %,3.0,4.0,10,1481,0.54,0.376,2.12,806,0.541,0.418
"next open, gap ≤ 0.5 ATR",ATR ≥ 5 %,3.0,4.0,20,1481,0.56,0.427,2.4,806,0.586,0.579
"next open, gap ≤ 0.5 ATR",ATR ≥ 5 %,half@1,1.5,20,1481,0.581,0.189,1.07,806,0.565,0.148
"next open, gap ≤ 0.5 ATR",fresh + ≥6 panels + ATR ≥ 5 %,0.5,1.0,5,594,0.646,-0.02,-0.11,347,0.62,-0.059
"next open, gap ≤ 0.5 ATR",fresh + ≥6 panels + ATR ≥ 5 %,0.5,1.0,10,594,0.653,-0.019,-0.11,347,0.625,-0.059
"next open, gap ≤ 0.5 ATR",fresh + ≥6 panels + ATR ≥ 5 %,0.5,1.0,20,594,0.655,-0.018,-0.1,347,0.628,-0.058
"next open, gap ≤ 0.5 ATR",fresh + ≥6 panels + ATR ≥ 5 %,0.5,1.5,5,594,0.737,0.035,0.19,347,0.712,-0.006
"next open, gap ≤ 0.5 ATR",fresh + ≥6 panels + ATR ≥ 5 %,0.5,1.5,10,594,0.761,0.025,0.14,347,0.744,-0.009
"next open, gap ≤ 0.5 ATR",fresh + ≥6 panels + ATR ≥ 5 %,0.5,1.5,20,594,0.763,0.025,0.14,347,0.746,-0.007
"next open, gap ≤ 0.5 ATR",fresh + ≥6 panels + ATR ≥ 5 %,0.5,2.0,5,594,0.766,0.066,0.37,347,0.755,0.042
"next open, gap ≤ 0.5 ATR",fresh + ≥6 panels + ATR ≥ 5 %,0.5,2.0,10,594,0.818,0.066,0.37,347,0.813,0.053
"next open, gap ≤ 0.5 ATR",fresh + ≥6 panels + ATR ≥ 5 %,0.5,2.0,20,594,0.825,0.063,0.35,347,0.821,0.055
"next open, gap ≤ 0.5 ATR",fresh + ≥6 panels + ATR ≥ 5 %,0.5,3.0,5,594,0.774,0.063,0.36,347,0.767,0.035
"next open, gap ≤ 0.5 ATR",fresh + ≥6 panels + ATR ≥ 5 %,0.5,3.0,10,594,0.845,0.089,0.5,347,0.844,0.08
"next open, gap ≤ 0.5 ATR",fresh + ≥6 panels + ATR ≥ 5 %,0.5,3.0,20,594,0.87,0.074,0.42,347,0.876,0.081
"next open, gap ≤ 0.5 ATR",fresh + ≥6 panels + ATR ≥ 5 %,0.5,4.0,5,594,0.776,0.058,0.32,347,0.767,0.019
"next open, gap ≤ 0.5 ATR",fresh + ≥6 panels + ATR ≥ 5 %,0.5,4.0,10,594,0.848,0.081,0.46,347,0.844,0.061
"next open, gap ≤ 0.5 ATR",fresh + ≥6 panels + ATR ≥ 5 %,0.5,4.0,20,594,0.889,0.086,0.48,347,0.896,0.097
"next open, gap ≤ 0.5 ATR",fresh + ≥6 panels + ATR ≥ 5 %,1.0,1.0,5,594,0.5,0.011,0.06,347,0.493,-0.004
"next open, gap ≤ 0.5 ATR",fresh + ≥6 panels + ATR ≥ 5 %,1.0,1.0,10,594,0.503,0.011,0.06,347,0.496,-0.004
"next open, gap ≤ 0.5 ATR",fresh + ≥6 panels + ATR ≥ 5 %,1.0,1.0,20,594,0.505,0.011,0.06,347,0.499,-0.001
"next open, gap ≤ 0.5 ATR",fresh + ≥6 panels + ATR ≥ 5 %,1.0,1.5,5,594,0.588,0.068,0.38,347,0.576,0.046
"next open, gap ≤ 0.5 ATR",fresh + ≥6 panels + ATR ≥ 5 %,1.0,1.5,10,594,0.609,0.041,0.23,347,0.599,0.019
"next open, gap ≤ 0.5 ATR",fresh + ≥6 panels + ATR ≥ 5 %,1.0,1.5,20,594,0.618,0.047,0.27,347,0.608,0.025
"next open, gap ≤ 0.5 ATR",fresh + ≥6 panels + ATR ≥ 5 %,1.0,2.0,5,594,0.611,0.085,0.48,347,0.608,0.075
"next open, gap ≤ 0.5 ATR",fresh + ≥6 panels + ATR ≥ 5 %,1.0,2.0,10,594,0.663,0.076,0.43,347,0.651,0.054
"next open, gap ≤ 0.5 ATR",fresh + ≥6 panels + ATR ≥ 5 %,1.0,2.0,20,594,0.695,0.09,0.51,347,0.689,0.076
"next open, gap ≤ 0.5 ATR",fresh + ≥6 panels + ATR ≥ 5 %,1.0,3.0,5,594,0.62,0.078,0.44,347,0.617,0.06
"next open, gap ≤ 0.5 ATR",fresh + ≥6 panels + ATR ≥ 5 %,1.0,3.0,10,594,0.695,0.093,0.52,347,0.689,0.087
"next open, gap ≤ 0.5 ATR",fresh + ≥6 panels + ATR ≥ 5 %,1.0,3.0,20,594,0.756,0.098,0.55,347,0.764,0.124
"next open, gap ≤ 0.5 ATR",fresh + ≥6 panels + ATR ≥ 5 %,1.0,4.0,5,594,0.621,0.073,0.41,347,0.617,0.042
"next open, gap ≤ 0.5 ATR",fresh + ≥6 panels + ATR ≥ 5 %,1.0,4.0,10,594,0.699,0.091,0.51,347,0.689,0.072
"next open, gap ≤ 0.5 ATR",fresh + ≥6 panels + ATR ≥ 5 %,1.0,4.0,20,594,0.778,0.109,0.61,347,0.787,0.156
"next open, gap ≤ 0.5 ATR",fresh + ≥6 panels + ATR ≥ 5 %,1.5,1.0,5,594,0.439,0.055,0.31,347,0.427,0.022
"next open, gap ≤ 0.5 ATR",fresh + ≥6 panels + ATR ≥ 5 %,1.5,1.0,10,594,0.423,0.058,0.32,347,0.409,0.016
"next open, gap ≤ 0.5 ATR",fresh + ≥6 panels + ATR ≥ 5 %,1.5,1.0,20,594,0.428,0.071,0.4,347,0.412,0.031
"next open, gap ≤ 0.5 ATR",fresh + ≥6 panels + ATR ≥ 5 %,1.5,1.5,5,594,0.525,0.128,0.72,347,0.507,0.094
"next open, gap ≤ 0.5 ATR",fresh + ≥6 panels + ATR ≥ 5 %,1.5,1.5,10,594,0.527,0.1,0.56,347,0.513,0.048
"next open, gap ≤ 0.5 ATR",fresh + ≥6 panels + ATR ≥ 5 %,1.5,1.5,20,594,0.54,0.124,0.7,347,0.524,0.075
"next open, gap ≤ 0.5 ATR",fresh + ≥6 panels + ATR ≥ 5 %,1.5,2.0,5,594,0.54,0.133,0.75,347,0.527,0.104
"next open, gap ≤ 0.5 ATR",fresh + ≥6 panels + ATR ≥ 5 %,1.5,2.0,10,594,0.579,0.136,0.77,347,0.565,0.086
"next open, gap ≤ 0.5 ATR",fresh + ≥6 panels + ATR ≥ 5 %,1.5,2.0,20,594,0.616,0.168,0.94,347,0.605,0.135
"next open, gap ≤ 0.5 ATR",fresh + ≥6 panels + ATR ≥ 5 %,1.5,3.0,5,594,0.547,0.119,0.67,347,0.536,0.083
"next open, gap ≤ 0.5 ATR",fresh + ≥6 panels + ATR ≥ 5 %,1.5,3.0,10,594,0.611,0.151,0.85,347,0.602,0.12
"next open, gap ≤ 0.5 ATR",fresh + ≥6 panels + ATR ≥ 5 %,1.5,3.0,20,594,0.689,0.202,1.13,347,0.697,0.234
"next open, gap ≤ 0.5 ATR",fresh + ≥6 panels + ATR ≥ 5 %,1.5,4.0,5,594,0.549,0.114,0.64,347,0.536,0.066
"next open, gap ≤ 0.5 ATR",fresh + ≥6 panels + ATR ≥ 5 %,1.5,4.0,10,594,0.616,0.16,0.9,347,0.605,0.121
"next open, gap ≤ 0.5 ATR",fresh + ≥6 panels + ATR ≥ 5 %,1.5,4.0,20,594,0.709,0.22,1.24,347,0.718,0.29
"next open, gap ≤ 0.5 ATR",fresh + ≥6 panels + ATR ≥ 5 %,2.0,1.0,5,594,0.409,0.065,0.37,347,0.395,0.025
"next open, gap ≤ 0.5 ATR",fresh + ≥6 panels + ATR ≥ 5 %,2.0,1.0,10,594,0.367,0.072,0.4,347,0.352,0.02
"next open, gap ≤ 0.5 ATR",fresh + ≥6 panels + ATR ≥ 5 %,2.0,1.0,20,594,0.362,0.08,0.45,347,0.349,0.033
"next open, gap ≤ 0.5 ATR",fresh + ≥6 panels + ATR ≥ 5 %,2.0,1.5,5,594,0.492,0.136,0.76,347,0.473,0.097
"next open, gap ≤ 0.5 ATR",fresh + ≥6 panels + ATR ≥ 5 %,2.0,1.5,10,594,0.47,0.118,0.67,347,0.45,0.041
"next open, gap ≤ 0.5 ATR",fresh + ≥6 panels + ATR ≥ 5 %,2.0,1.5,20,594,0.471,0.151,0.85,347,0.45,0.066
"next open, gap ≤ 0.5 ATR",fresh + ≥6 panels + ATR ≥ 5 %,2.0,2.0,5,594,0.507,0.144,0.81,347,0.493,0.115
"next open, gap ≤ 0.5 ATR",fresh + ≥6 panels + ATR ≥ 5 %,2.0,2.0,10,594,0.522,0.169,0.95,347,0.501,0.1
"next open, gap ≤ 0.5 ATR",fresh + ≥6 panels + ATR ≥ 5 %,2.0,2.0,20,594,0.545,0.198,1.11,347,0.527,0.136
"next open, gap ≤ 0.5 ATR",fresh + ≥6 panels + ATR ≥ 5 %,2.0,3.0,5,594,0.513,0.133,0.75,347,0.501,0.096
"next open, gap ≤ 0.5 ATR",fresh + ≥6 panels + ATR ≥ 5 %,2.0,3.0,10,594,0.556,0.193,1.09,347,0.542,0.144
"next open, gap ≤ 0.5 ATR",fresh + ≥6 panels + ATR ≥ 5 %,2.0,3.0,20,594,0.625,0.258,1.45,347,0.631,0.288
"next open, gap ≤ 0.5 ATR",fresh + ≥6 panels + ATR ≥ 5 %,2.0,4.0,5,594,0.515,0.127,0.71,347,0.501,0.079
"next open, gap ≤ 0.5 ATR",fresh + ≥6 panels + ATR ≥ 5 %,2.0,4.0,10,594,0.561,0.204,1.15,347,0.545,0.15
"next open, gap ≤ 0.5 ATR",fresh + ≥6 panels + ATR ≥ 5 %,2.0,4.0,20,594,0.645,0.277,1.56,347,0.654,0.364
"next open, gap ≤ 0.5 ATR",fresh + ≥6 panels + ATR ≥ 5 %,3.0,1.0,5,594,0.399,0.124,0.7,347,0.38,0.087
"next open, gap ≤ 0.5 ATR",fresh + ≥6 panels + ATR ≥ 5 %,3.0,1.0,10,594,0.333,0.181,1.02,347,0.317,0.141
"next open, gap ≤ 0.5 ATR",fresh + ≥6 panels + ATR ≥ 5 %,3.0,1.0,20,594,0.305,0.183,1.03,347,0.303,0.167
"next open, gap ≤ 0.5 ATR",fresh + ≥6 panels + ATR ≥ 5 %,3.0,1.5,5,594,0.481,0.193,1.08,347,0.458,0.164
"next open, gap ≤ 0.5 ATR",fresh + ≥6 panels + ATR ≥ 5 %,3.0,1.5,10,594,0.431,0.243,1.37,347,0.412,0.196
"next open, gap ≤ 0.5 ATR",fresh + ≥6 panels + ATR ≥ 5 %,3.0,1.5,20,594,0.407,0.292,1.64,347,0.401,0.247
"next open, gap ≤ 0.5 ATR",fresh + ≥6 panels + ATR ≥ 5 %,3.0,2.0,5,594,0.497,0.203,1.14,347,0.478,0.183
"next open, gap ≤ 0.5 ATR",fresh + ≥6 panels + ATR ≥ 5 %,3.0,2.0,10,594,0.483,0.297,1.67,347,0.461,0.246
"next open, gap ≤ 0.5 ATR",fresh + ≥6 panels + ATR ≥ 5 %,3.0,2.0,20,594,0.481,0.381,2.14,347,0.476,0.357
"next open, gap ≤ 0.5 ATR",fresh + ≥6 panels + ATR ≥ 5 %,3.0,3.0,5,594,0.505,0.198,1.11,347,0.49,0.17
"next open, gap ≤ 0.5 ATR",fresh + ≥6 panels + ATR ≥ 5 %,3.0,3.0,10,594,0.519,0.331,1.86,347,0.504,0.298
"next open, gap ≤ 0.5 ATR",fresh + ≥6 panels + ATR ≥ 5 %,3.0,3.0,20,594,0.561,0.49,2.76,347,0.579,0.582
"next open, gap ≤ 0.5 ATR",fresh + ≥6 panels + ATR ≥ 5 %,3.0,4.0,5,594,0.507,0.192,1.08,347,0.49,0.155
"next open, gap ≤ 0.5 ATR",fresh + ≥6 panels + ATR ≥ 5 %,3.0,4.0,10,594,0.524,0.341,1.92,347,0.507,0.3
"next open, gap ≤ 0.5 ATR",fresh + ≥6 panels + ATR ≥ 5 %,3.0,4.0,20,594,0.582,0.519,2.92,347,0.605,0.67
"next open, gap ≤ 0.5 ATR",fresh + ≥6 panels + ATR ≥ 5 %,half@1,1.5,20,594,0.588,0.165,0.93,347,0.573,0.102
pullback limit −0.5 ATR (3 bars),all,0.5,1.0,5,2288,0.64,-0.034,-0.19,1037,0.62,-0.064
pullback limit −0.5 ATR (3 bars),all,0.5,1.0,10,2288,0.643,-0.035,-0.2,1037,0.624,-0.064
pullback limit −0.5 ATR (3 bars),all,0.5,1.0,20,2288,0.643,-0.035,-0.2,1037,0.625,-0.063
pullback limit −0.5 ATR (3 bars),all,0.5,1.5,5,2288,0.714,-0.028,-0.16,1037,0.709,-0.046
pullback limit −0.5 ATR (3 bars),all,0.5,1.5,10,2288,0.733,-0.027,-0.15,1037,0.725,-0.043
pullback limit −0.5 ATR (3 bars),all,0.5,1.5,20,2288,0.737,-0.025,-0.14,1037,0.728,-0.043
pullback limit −0.5 ATR (3 bars),all,0.5,2.0,5,2288,0.74,-0.031,-0.17,1037,0.739,-0.044
pullback limit −0.5 ATR (3 bars),all,0.5,2.0,10,2288,0.778,-0.027,-0.15,1037,0.773,-0.036
pullback limit −0.5 ATR (3 bars),all,0.5,2.0,20,2288,0.79,-0.023,-0.13,1037,0.787,-0.028
pullback limit −0.5 ATR (3 bars),all,0.5,3.0,5,2288,0.75,-0.034,-0.19,1037,0.752,-0.039
pullback limit −0.5 ATR (3 bars),all,0.5,3.0,10,2288,0.804,-0.03,-0.17,1037,0.804,-0.026
pullback limit −0.5 ATR (3 bars),all,0.5,3.0,20,2288,0.837,-0.026,-0.15,1037,0.838,-0.015
pullback limit −0.5 ATR (3 bars),all,0.5,4.0,5,2288,0.753,-0.027,-0.15,1037,0.755,-0.039
pullback limit −0.5 ATR (3 bars),all,0.5,4.0,10,2288,0.812,-0.026,-0.15,1037,0.81,-0.037
pullback limit −0.5 ATR (3 bars),all,0.5,4.0,20,2288,0.853,-0.024,-0.13,1037,0.85,-0.043
pullback limit −0.5 ATR (3 bars),all,1.0,1.0,5,2288,0.542,0.078,0.44,1037,0.526,0.05
pullback limit −0.5 ATR (3 bars),all,1.0,1.0,10,2288,0.534,0.066,0.37,1037,0.522,0.041
pullback limit −0.5 ATR (3 bars),all,1.0,1.0,20,2288,0.535,0.069,0.39,1037,0.523,0.044
pullback limit −0.5 ATR (3 bars),all,1.0,1.5,5,2288,0.605,0.074,0.42,1037,0.605,0.072
pullback limit −0.5 ATR (3 bars),all,1.0,1.5,10,2288,0.618,0.059,0.33,1037,0.619,0.055
pullback limit −0.5 ATR (3 bars),all,1.0,1.5,20,2288,0.624,0.062,0.35,1037,0.622,0.055
pullback limit −0.5 ATR (3 bars),all,1.0,2.0,5,2288,0.629,0.069,0.39,1037,0.632,0.072
pullback limit −0.5 ATR (3 bars),all,1.0,2.0,10,2288,0.66,0.053,0.3,1037,0.665,0.057
pullback limit −0.5 ATR (3 bars),all,1.0,2.0,20,2288,0.683,0.065,0.37,1037,0.689,0.078
pullback limit −0.5 ATR (3 bars),all,1.0,3.0,5,2288,0.639,0.062,0.35,1037,0.642,0.068
pullback limit −0.5 ATR (3 bars),all,1.0,3.0,10,2288,0.694,0.061,0.35,1037,0.704,0.092
pullback limit −0.5 ATR (3 bars),all,1.0,3.0,20,2288,0.742,0.073,0.41,1037,0.753,0.12
pullback limit −0.5 ATR (3 bars),all,1.0,4.0,5,2288,0.642,0.066,0.37,1037,0.645,0.071
pullback limit −0.5 ATR (3 bars),all,1.0,4.0,10,2288,0.701,0.064,0.36,1037,0.71,0.083
pullback limit −0.5 ATR (3 bars),all,1.0,4.0,20,2288,0.763,0.084,0.47,1037,0.765,0.088
pullback limit −0.5 ATR (3 bars),all,1.5,1.0,5,2288,0.48,0.127,0.72,1037,0.458,0.091
pullback limit −0.5 ATR (3 bars),all,1.5,1.0,10,2288,0.451,0.115,0.65,1037,0.438,0.082
pullback limit −0.5 ATR (3 bars),all,1.5,1.0,20,2288,0.451,0.124,0.7,1037,0.441,0.097
pullback limit −0.5 ATR (3 bars),all,1.5,1.5,5,2288,0.545,0.131,0.74,1037,0.536,0.112
pullback limit −0.5 ATR (3 bars),all,1.5,1.5,10,2288,0.537,0.115,0.64,1037,0.531,0.097
pullback limit −0.5 ATR (3 bars),all,1.5,1.5,20,2288,0.541,0.123,0.69,1037,0.536,0.109
pullback limit −0.5 ATR (3 bars),all,1.5,2.0,5,2288,0.569,0.123,0.69,1037,0.562,0.109
pullback limit −0.5 ATR (3 bars),all,1.5,2.0,10,2288,0.579,0.111,0.62,1037,0.581,0.109
pullback limit −0.5 ATR (3 bars),all,1.5,2.0,20,2288,0.604,0.133,0.75,1037,0.608,0.141
pullback limit −0.5 ATR (3 bars),all,1.5,3.0,5,2288,0.578,0.116,0.65,1037,0.573,0.104
pullback limit −0.5 ATR (3 bars),all,1.5,3.0,10,2288,0.612,0.117,0.66,1037,0.62,0.141
pullback limit −0.5 ATR (3 bars),all,1.5,3.0,20,2288,0.669,0.158,0.89,1037,0.679,0.208
pullback limit −0.5 ATR (3 bars),all,1.5,4.0,5,2288,0.579,0.114,0.64,1037,0.573,0.094
pullback limit −0.5 ATR (3 bars),all,1.5,4.0,10,2288,0.618,0.115,0.64,1037,0.624,0.124
pullback limit −0.5 ATR (3 bars),all,1.5,4.0,20,2288,0.689,0.16,0.9,1037,0.69,0.173
pullback limit −0.5 ATR (3 bars),all,2.0,1.0,5,2288,0.455,0.163,0.91,1037,0.428,0.122
pullback limit −0.5 ATR (3 bars),all,2.0,1.0,10,2288,0.404,0.152,0.86,1037,0.386,0.106
pullback limit −0.5 ATR (3 bars),all,2.0,1.0,20,2288,0.391,0.163,0.92,1037,0.378,0.121
pullback limit −0.5 ATR (3 bars),all,2.0,1.5,5,2288,0.52,0.17,0.95,1037,0.504,0.145
pullback limit −0.5 ATR (3 bars),all,2.0,1.5,10,2288,0.49,0.162,0.91,1037,0.478,0.128
pullback limit −0.5 ATR (3 bars),all,2.0,1.5,20,2288,0.482,0.181,1.02,1037,0.472,0.141
pullback limit −0.5 ATR (3 bars),all,2.0,2.0,5,2288,0.543,0.161,0.91,1037,0.53,0.144
pullback limit −0.5 ATR (3 bars),all,2.0,2.0,10,2288,0.535,0.167,0.94,1037,0.53,0.154
pullback limit −0.5 ATR (3 bars),all,2.0,2.0,20,2288,0.549,0.211,1.19,1037,0.55,0.204
pullback limit −0.5 ATR (3 bars),all,2.0,3.0,5,2288,0.552,0.154,0.86,1037,0.541,0.14
pullback limit −0.5 ATR (3 bars),all,2.0,3.0,10,2288,0.567,0.176,0.99,1037,0.568,0.193
pullback limit −0.5 ATR (3 bars),all,2.0,3.0,20,2288,0.614,0.243,1.36,1037,0.619,0.276
pullback limit −0.5 ATR (3 bars),all,2.0,4.0,5,2288,0.554,0.151,0.85,1037,0.541,0.13
pullback limit −0.5 ATR (3 bars),all,2.0,4.0,10,2288,0.572,0.172,0.96,1037,0.572,0.174
pullback limit −0.5 ATR (3 bars),all,2.0,4.0,20,2288,0.632,0.241,1.36,1037,0.632,0.245
pullback limit −0.5 ATR (3 bars),all,3.0,1.0,5,2288,0.438,0.195,1.1,1037,0.405,0.153
pullback limit −0.5 ATR (3 bars),all,3.0,1.0,10,2288,0.362,0.211,1.18,1037,0.339,0.147
pullback limit −0.5 ATR (3 bars),all,3.0,1.0,20,2288,0.325,0.218,1.23,1037,0.308,0.154
pullback limit −0.5 ATR (3 bars),all,3.0,1.5,5,2288,0.502,0.203,1.14,1037,0.48,0.174
pullback limit −0.5 ATR (3 bars),all,3.0,1.5,10,2288,0.448,0.234,1.31,1037,0.432,0.194
pullback limit −0.5 ATR (3 bars),all,3.0,1.5,20,2288,0.411,0.245,1.38,1037,0.398,0.199
pullback limit −0.5 ATR (3 bars),all,3.0,2.0,5,2288,0.524,0.194,1.09,1037,0.506,0.174
pullback limit −0.5 ATR (3 bars),all,3.0,2.0,10,2288,0.495,0.246,1.38,1037,0.487,0.228
pullback limit −0.5 ATR (3 bars),all,3.0,2.0,20,2288,0.479,0.29,1.63,1037,0.476,0.275
pullback limit −0.5 ATR (3 bars),all,3.0,3.0,5,2288,0.534,0.189,1.06,1037,0.517,0.172
pullback limit −0.5 ATR (3 bars),all,3.0,3.0,10,2288,0.53,0.27,1.52,1037,0.527,0.283
pullback limit −0.5 ATR (3 bars),all,3.0,3.0,20,2288,0.545,0.343,1.93,1037,0.545,0.374
pullback limit −0.5 ATR (3 bars),all,3.0,4.0,5,2288,0.535,0.185,1.04,1037,0.517,0.16
pullback limit −0.5 ATR (3 bars),all,3.0,4.0,10,2288,0.535,0.267,1.5,1037,0.53,0.264
pullback limit −0.5 ATR (3 bars),all,3.0,4.0,20,2288,0.563,0.347,1.95,1037,0.556,0.344
pullback limit −0.5 ATR (3 bars),all,half@1,1.5,20,2288,0.587,0.207,1.16,1037,0.582,0.163
pullback limit −0.5 ATR (3 bars),fresh,0.5,1.0,5,1176,0.641,-0.031,-0.18,557,0.621,-0.063
pullback limit −0.5 ATR (3 bars),fresh,0.5,1.0,10,1176,0.644,-0.034,-0.19,557,0.621,-0.068
pullback limit −0.5 ATR (3 bars),fresh,0.5,1.0,20,1176,0.645,-0.033,-0.19,557,0.623,-0.066
pullback limit −0.5 ATR (3 bars),fresh,0.5,1.5,5,1176,0.716,-0.032,-0.18,557,0.713,-0.052
pullback limit −0.5 ATR (3 bars),fresh,0.5,1.5,10,1176,0.728,-0.039,-0.22,557,0.716,-0.064
pullback limit −0.5 ATR (3 bars),fresh,0.5,1.5,20,1176,0.731,-0.037,-0.21,557,0.72,-0.06
pullback limit −0.5 ATR (3 bars),fresh,0.5,2.0,5,1176,0.741,-0.046,-0.26,557,0.74,-0.064
pullback limit −0.5 ATR (3 bars),fresh,0.5,2.0,10,1176,0.774,-0.038,-0.22,557,0.768,-0.055
pullback limit −0.5 ATR (3 bars),fresh,0.5,2.0,20,1176,0.785,-0.037,-0.21,557,0.781,-0.045
pullback limit −0.5 ATR (3 bars),fresh,0.5,3.0,5,1176,0.75,-0.058,-0.33,557,0.752,-0.07
pullback limit −0.5 ATR (3 bars),fresh,0.5,3.0,10,1176,0.799,-0.051,-0.29,557,0.799,-0.053
pullback limit −0.5 ATR (3 bars),fresh,0.5,3.0,20,1176,0.828,-0.049,-0.28,557,0.828,-0.044
pullback limit −0.5 ATR (3 bars),fresh,0.5,4.0,5,1176,0.753,-0.05,-0.28,557,0.752,-0.077
pullback limit −0.5 ATR (3 bars),fresh,0.5,4.0,10,1176,0.806,-0.048,-0.27,557,0.803,-0.074
pullback limit −0.5 ATR (3 bars),fresh,0.5,4.0,20,1176,0.847,-0.041,-0.23,557,0.84,-0.073
pullback limit −0.5 ATR (3 bars),fresh,1.0,1.0,5,1176,0.543,0.077,0.43,557,0.524,0.045
pullback limit −0.5 ATR (3 bars),fresh,1.0,1.0,10,1176,0.533,0.065,0.37,557,0.513,0.028
pullback limit −0.5 ATR (3 bars),fresh,1.0,1.0,20,1176,0.534,0.067,0.38,557,0.515,0.029
pullback limit −0.5 ATR (3 bars),fresh,1.0,1.5,5,1176,0.607,0.069,0.39,557,0.609,0.07
pullback limit −0.5 ATR (3 bars),fresh,1.0,1.5,10,1176,0.613,0.042,0.24,557,0.607,0.028
pullback limit −0.5 ATR (3 bars),fresh,1.0,1.5,20,1176,0.618,0.045,0.25,557,0.612,0.029
pullback limit −0.5 ATR (3 bars),fresh,1.0,2.0,5,1176,0.634,0.053,0.3,557,0.634,0.049
pullback limit −0.5 ATR (3 bars),fresh,1.0,2.0,10,1176,0.66,0.042,0.24,557,0.654,0.015
pullback limit −0.5 ATR (3 bars),fresh,1.0,2.0,20,1176,0.68,0.048,0.27,557,0.677,0.035
pullback limit −0.5 ATR (3 bars),fresh,1.0,3.0,5,1176,0.64,0.031,0.18,557,0.641,0.019
pullback limit −0.5 ATR (3 bars),fresh,1.0,3.0,10,1176,0.693,0.042,0.23,557,0.689,0.027
pullback limit −0.5 ATR (3 bars),fresh,1.0,3.0,20,1176,0.739,0.054,0.3,557,0.74,0.063
pullback limit −0.5 ATR (3 bars),fresh,1.0,4.0,5,1176,0.642,0.035,0.19,557,0.641,0.012
pullback limit −0.5 ATR (3 bars),fresh,1.0,4.0,10,1176,0.699,0.037,0.21,557,0.693,0.002
pullback limit −0.5 ATR (3 bars),fresh,1.0,4.0,20,1176,0.761,0.063,0.35,557,0.752,0.025
pullback limit −0.5 ATR (3 bars),fresh,1.5,1.0,5,1176,0.477,0.127,0.71,557,0.442,0.058
pullback limit −0.5 ATR (3 bars),fresh,1.5,1.0,10,1176,0.453,0.12,0.68,557,0.422,0.045
pullback limit −0.5 ATR (3 bars),fresh,1.5,1.0,20,1176,0.453,0.129,0.73,557,0.425,0.055
pullback limit −0.5 ATR (3 bars),fresh,1.5,1.5,5,1176,0.538,0.118,0.66,557,0.521,0.075
pullback limit −0.5 ATR (3 bars),fresh,1.5,1.5,10,1176,0.53,0.092,0.52,557,0.503,0.022
pullback limit −0.5 ATR (3 bars),fresh,1.5,1.5,20,1176,0.535,0.102,0.57,557,0.513,0.038
pullback limit −0.5 ATR (3 bars),fresh,1.5,2.0,5,1176,0.564,0.1,0.56,557,0.546,0.054
pullback limit −0.5 ATR (3 bars),fresh,1.5,2.0,10,1176,0.577,0.102,0.57,557,0.557,0.027
pullback limit −0.5 ATR (3 bars),fresh,1.5,2.0,20,1176,0.602,0.114,0.64,557,0.585,0.048
pullback limit −0.5 ATR (3 bars),fresh,1.5,3.0,5,1176,0.571,0.077,0.43,557,0.553,0.021
pullback limit −0.5 ATR (3 bars),fresh,1.5,3.0,10,1176,0.611,0.102,0.57,557,0.594,0.034
pullback limit −0.5 ATR (3 bars),fresh,1.5,3.0,20,1176,0.669,0.151,0.85,557,0.657,0.115
pullback limit −0.5 ATR (3 bars),fresh,1.5,4.0,5,1176,0.572,0.08,0.45,557,0.553,0.013
pullback limit −0.5 ATR (3 bars),fresh,1.5,4.0,10,1176,0.616,0.099,0.56,557,0.598,0.011
pullback limit −0.5 ATR (3 bars),fresh,1.5,4.0,20,1176,0.691,0.161,0.91,557,0.673,0.092
pullback limit −0.5 ATR (3 bars),fresh,2.0,1.0,5,1176,0.45,0.152,0.86,557,0.406,0.071
pullback limit −0.5 ATR (3 bars),fresh,2.0,1.0,10,1176,0.4,0.148,0.83,557,0.364,0.055
pullback limit −0.5 ATR (3 bars),fresh,2.0,1.0,20,1176,0.389,0.16,0.9,557,0.361,0.069
pullback limit −0.5 ATR (3 bars),fresh,2.0,1.5,5,1176,0.51,0.148,0.83,557,0.481,0.091
pullback limit −0.5 ATR (3 bars),fresh,2.0,1.5,10,1176,0.48,0.132,0.74,557,0.447,0.041
pullback limit −0.5 ATR (3 bars),fresh,2.0,1.5,20,1176,0.474,0.154,0.87,557,0.451,0.071
pullback limit −0.5 ATR (3 bars),fresh,2.0,2.0,5,1176,0.536,0.13,0.73,557,0.506,0.071
pullback limit −0.5 ATR (3 bars),fresh,2.0,2.0,10,1176,0.528,0.147,0.82,557,0.501,0.052
pullback limit −0.5 ATR (3 bars),fresh,2.0,2.0,20,1176,0.544,0.187,1.05,557,0.526,0.109
pullback limit −0.5 ATR (3 bars),fresh,2.0,3.0,5,1176,0.543,0.106,0.6,557,0.513,0.04
pullback limit −0.5 ATR (3 bars),fresh,2.0,3.0,10,1176,0.561,0.15,0.84,557,0.539,0.069
pullback limit −0.5 ATR (3 bars),fresh,2.0,3.0,20,1176,0.612,0.232,1.3,557,0.598,0.189
pullback limit −0.5 ATR (3 bars),fresh,2.0,4.0,5,1176,0.544,0.108,0.61,557,0.513,0.029
pullback limit −0.5 ATR (3 bars),fresh,2.0,4.0,10,1176,0.566,0.148,0.83,557,0.542,0.046
pullback limit −0.5 ATR (3 bars),fresh,2.0,4.0,20,1176,0.633,0.235,1.32,557,0.616,0.167
pullback limit −0.5 ATR (3 bars),fresh,3.0,1.0,5,1176,0.43,0.197,1.11,557,0.377,0.102
pullback limit −0.5 ATR (3 bars),fresh,3.0,1.0,10,1176,0.357,0.218,1.23,557,0.323,0.118
pullback limit −0.5 ATR (3 bars),fresh,3.0,1.0,20,1176,0.325,0.228,1.28,557,0.298,0.136
pullback limit −0.5 ATR (3 bars),fresh,3.0,1.5,5,1176,0.49,0.192,1.08,557,0.452,0.122
pullback limit −0.5 ATR (3 bars),fresh,3.0,1.5,10,1176,0.439,0.218,1.23,557,0.408,0.128
pullback limit −0.5 ATR (3 bars),fresh,3.0,1.5,20,1176,0.408,0.24,1.35,557,0.386,0.167
pullback limit −0.5 ATR (3 bars),fresh,3.0,2.0,5,1176,0.514,0.173,0.97,557,0.478,0.104
pullback limit −0.5 ATR (3 bars),fresh,3.0,2.0,10,1176,0.49,0.244,1.37,557,0.467,0.159
pullback limit −0.5 ATR (3 bars),fresh,3.0,2.0,20,1176,0.481,0.303,1.7,557,0.467,0.25
pullback limit −0.5 ATR (3 bars),fresh,3.0,3.0,5,1176,0.521,0.152,0.85,557,0.485,0.075
pullback limit −0.5 ATR (3 bars),fresh,3.0,3.0,10,1176,0.525,0.258,1.45,557,0.504,0.188
pullback limit −0.5 ATR (3 bars),fresh,3.0,3.0,20,1176,0.549,0.364,2.05,557,0.535,0.35
pullback limit −0.5 ATR (3 bars),fresh,3.0,4.0,5,1176,0.523,0.153,0.86,557,0.485,0.064
pullback limit −0.5 ATR (3 bars),fresh,3.0,4.0,10,1176,0.53,0.26,1.46,557,0.508,0.167
pullback limit −0.5 ATR (3 bars),fresh,3.0,4.0,20,1176,0.568,0.362,2.04,557,0.549,0.314
pullback limit −0.5 ATR (3 bars),fresh,half@1,1.5,20,1176,0.58,0.17,0.95,557,0.571,0.096
pullback limit −0.5 ATR (3 bars),fresh + ≥6 panels,0.5,1.0,5,972,0.64,-0.034,-0.19,469,0.612,-0.078
pullback limit −0.5 ATR (3 bars),fresh + ≥6 panels,0.5,1.0,10,972,0.641,-0.039,-0.22,469,0.612,-0.082
pullback limit −0.5 ATR (3 bars),fresh + ≥6 panels,0.5,1.0,20,972,0.641,-0.039,-0.22,469,0.612,-0.082
pullback limit −0.5 ATR (3 bars),fresh + ≥6 panels,0.5,1.5,5,972,0.722,-0.024,-0.14,469,0.71,-0.062
pullback limit −0.5 ATR (3 bars),fresh + ≥6 panels,0.5,1.5,10,972,0.733,-0.03,-0.17,469,0.714,-0.069
pullback limit −0.5 ATR (3 bars),fresh + ≥6 panels,0.5,1.5,20,972,0.736,-0.029,-0.16,469,0.716,-0.067
pullback limit −0.5 ATR (3 bars),fresh + ≥6 panels,0.5,2.0,5,972,0.744,-0.046,-0.26,469,0.736,-0.081
pullback limit −0.5 ATR (3 bars),fresh + ≥6 panels,0.5,2.0,10,972,0.776,-0.034,-0.19,469,0.765,-0.064
pullback limit −0.5 ATR (3 bars),fresh + ≥6 panels,0.5,2.0,20,972,0.787,-0.032,-0.18,469,0.778,-0.053
pullback limit −0.5 ATR (3 bars),fresh + ≥6 panels,0.5,3.0,5,972,0.755,-0.058,-0.33,469,0.751,-0.087
pullback limit −0.5 ATR (3 bars),fresh + ≥6 panels,0.5,3.0,10,972,0.803,-0.048,-0.27,469,0.797,-0.062
pullback limit −0.5 ATR (3 bars),fresh + ≥6 panels,0.5,3.0,20,972,0.833,-0.038,-0.21,469,0.827,-0.046
pullback limit −0.5 ATR (3 bars),fresh + ≥6 panels,0.5,4.0,5,972,0.758,-0.049,-0.28,469,0.751,-0.097
pullback limit −0.5 ATR (3 bars),fresh + ≥6 panels,0.5,4.0,10,972,0.812,-0.043,-0.24,469,0.802,-0.093
pullback limit −0.5 ATR (3 bars),fresh + ≥6 panels,0.5,4.0,20,972,0.855,-0.021,-0.12,469,0.842,-0.067
pullback limit −0.5 ATR (3 bars),fresh + ≥6 panels,1.0,1.0,5,972,0.537,0.073,0.41,469,0.512,0.03
pullback limit −0.5 ATR (3 bars),fresh + ≥6 panels,1.0,1.0,10,972,0.532,0.061,0.34,469,0.51,0.019
pullback limit −0.5 ATR (3 bars),fresh + ≥6 panels,1.0,1.0,20,972,0.532,0.064,0.36,469,0.51,0.019
pullback limit −0.5 ATR (3 bars),fresh + ≥6 panels,1.0,1.5,5,972,0.603,0.065,0.37,469,0.597,0.048
pullback limit −0.5 ATR (3 bars),fresh + ≥6 panels,1.0,1.5,10,972,0.617,0.048,0.27,469,0.608,0.026
pullback limit −0.5 ATR (3 bars),fresh + ≥6 panels,1.0,1.5,20,972,0.622,0.055,0.31,469,0.612,0.03
pullback limit −0.5 ATR (3 bars),fresh + ≥6 panels,1.0,2.0,5,972,0.627,0.041,0.23,469,0.62,0.018
pullback limit −0.5 ATR (3 bars),fresh + ≥6 panels,1.0,2.0,10,972,0.663,0.041,0.23,469,0.655,0.009
pullback limit −0.5 ATR (3 bars),fresh + ≥6 panels,1.0,2.0,20,972,0.682,0.05,0.28,469,0.676,0.032
pullback limit −0.5 ATR (3 bars),fresh + ≥6 panels,1.0,3.0,5,972,0.634,0.018,0.1,469,0.629,-0.018
pullback limit −0.5 ATR (3 bars),fresh + ≥6 panels,1.0,3.0,10,972,0.697,0.039,0.22,469,0.691,0.021
pullback limit −0.5 ATR (3 bars),fresh + ≥6 panels,1.0,3.0,20,972,0.744,0.061,0.35,469,0.742,0.068
pullback limit −0.5 ATR (3 bars),fresh + ≥6 panels,1.0,4.0,5,972,0.636,0.02,0.11,469,0.629,-0.027
pullback limit −0.5 ATR (3 bars),fresh + ≥6 panels,1.0,4.0,10,972,0.704,0.034,0.19,469,0.695,-0.012
pullback limit −0.5 ATR (3 bars),fresh + ≥6 panels,1.0,4.0,20,972,0.77,0.08,0.45,469,0.757,0.038
pullback limit −0.5 ATR (3 bars),fresh + ≥6 panels,1.5,1.0,5,972,0.472,0.126,0.71,469,0.437,0.057
pullback limit −0.5 ATR (3 bars),fresh + ≥6 panels,1.5,1.0,10,972,0.451,0.115,0.65,469,0.422,0.043
pullback limit −0.5 ATR (3 bars),fresh + ≥6 panels,1.5,1.0,20,972,0.452,0.126,0.71,469,0.422,0.049
pullback limit −0.5 ATR (3 bars),fresh + ≥6 panels,1.5,1.5,5,972,0.536,0.118,0.66,469,0.518,0.068
pullback limit −0.5 ATR (3 bars),fresh + ≥6 panels,1.5,1.5,10,972,0.53,0.093,0.53,469,0.505,0.025
pullback limit −0.5 ATR (3 bars),fresh + ≥6 panels,1.5,1.5,20,972,0.537,0.108,0.61,469,0.514,0.041
pullback limit −0.5 ATR (3 bars),fresh + ≥6 panels,1.5,2.0,5,972,0.56,0.094,0.53,469,0.544,0.042
pullback limit −0.5 ATR (3 bars),fresh + ≥6 panels,1.5,2.0,10,972,0.576,0.095,0.53,469,0.559,0.022
pullback limit −0.5 ATR (3 bars),fresh + ≥6 panels,1.5,2.0,20,972,0.601,0.107,0.6,469,0.582,0.04
pullback limit −0.5 ATR (3 bars),fresh + ≥6 panels,1.5,3.0,5,972,0.567,0.068,0.38,469,0.552,0.005
pullback limit −0.5 ATR (3 bars),fresh + ≥6 panels,1.5,3.0,10,972,0.611,0.097,0.54,469,0.597,0.033
pullback limit −0.5 ATR (3 bars),fresh + ≥6 panels,1.5,3.0,20,972,0.672,0.155,0.87,469,0.659,0.128
pullback limit −0.5 ATR (3 bars),fresh + ≥6 panels,1.5,4.0,5,972,0.569,0.07,0.39,469,0.552,-0.008
pullback limit −0.5 ATR (3 bars),fresh + ≥6 panels,1.5,4.0,10,972,0.618,0.093,0.52,469,0.601,0.001
pullback limit −0.5 ATR (3 bars),fresh + ≥6 panels,1.5,4.0,20,972,0.697,0.168,0.95,469,0.676,0.102
pullback limit −0.5 ATR (3 bars),fresh + ≥6 panels,2.0,1.0,5,972,0.441,0.144,0.81,469,0.397,0.056
pullback limit −0.5 ATR (3 bars),fresh + ≥6 panels,2.0,1.0,10,972,0.393,0.133,0.75,469,0.358,0.036
pullback limit −0.5 ATR (3 bars),fresh + ≥6 panels,2.0,1.0,20,972,0.386,0.151,0.85,469,0.354,0.05
pullback limit −0.5 ATR (3 bars),fresh + ≥6 panels,2.0,1.5,5,972,0.504,0.141,0.79,469,0.473,0.07
pullback limit −0.5 ATR (3 bars),fresh + ≥6 panels,2.0,1.5,10,972,0.475,0.123,0.69,469,0.443,0.027
pullback limit −0.5 ATR (3 bars),fresh + ≥6 panels,2.0,1.5,20,972,0.475,0.157,0.88,469,0.448,0.064
pullback limit −0.5 ATR (3 bars),fresh + ≥6 panels,2.0,2.0,5,972,0.528,0.116,0.65,469,0.499,0.046
pullback limit −0.5 ATR (3 bars),fresh + ≥6 panels,2.0,2.0,10,972,0.522,0.128,0.72,469,0.497,0.028
pullback limit −0.5 ATR (3 bars),fresh + ≥6 panels,2.0,2.0,20,972,0.542,0.175,0.99,469,0.52,0.09
pullback limit −0.5 ATR (3 bars),fresh + ≥6 panels,2.0,3.0,5,972,0.535,0.09,0.5,469,0.507,0.01
pullback limit −0.5 ATR (3 bars),fresh + ≥6 panels,2.0,3.0,10,972,0.558,0.138,0.78,469,0.535,0.053
pullback limit −0.5 ATR (3 bars),fresh + ≥6 panels,2.0,3.0,20,972,0.614,0.237,1.33,469,0.597,0.191
pullback limit −0.5 ATR (3 bars),fresh + ≥6 panels,2.0,4.0,5,972,0.537,0.09,0.51,469,0.507,-0.005
pullback limit −0.5 ATR (3 bars),fresh + ≥6 panels,2.0,4.0,10,972,0.564,0.137,0.77,469,0.539,0.024
pullback limit −0.5 ATR (3 bars),fresh + ≥6 panels,2.0,4.0,20,972,0.637,0.241,1.36,469,0.616,0.17
pullback limit −0.5 ATR (3 bars),fresh + ≥6 panels,3.0,1.0,5,972,0.425,0.194,1.09,469,0.371,0.098
pullback limit −0.5 ATR (3 bars),fresh + ≥6 panels,3.0,1.0,10,972,0.354,0.219,1.23,469,0.322,0.116
pullback limit −0.5 ATR (3 bars),fresh + ≥6 panels,3.0,1.0,20,972,0.327,0.244,1.37,469,0.296,0.131
pullback limit −0.5 ATR (3 bars),fresh + ≥6 panels,3.0,1.5,5,972,0.487,0.189,1.06,469,0.448,0.109
pullback limit −0.5 ATR (3 bars),fresh + ≥6 panels,3.0,1.5,10,972,0.437,0.23,1.29,469,0.409,0.136
pullback limit −0.5 ATR (3 bars),fresh + ≥6 panels,3.0,1.5,20,972,0.416,0.278,1.57,469,0.39,0.19
pullback limit −0.5 ATR (3 bars),fresh + ≥6 panels,3.0,2.0,5,972,0.51,0.165,0.93,469,0.473,0.086
pullback limit −0.5 ATR (3 bars),fresh + ≥6 panels,3.0,2.0,10,972,0.485,0.243,1.37,469,0.465,0.148
pullback limit −0.5 ATR (3 bars),fresh + ≥6 panels,3.0,2.0,20,972,0.487,0.326,1.83,469,0.467,0.251
pullback limit −0.5 ATR (3 bars),fresh + ≥6 panels,3.0,3.0,5,972,0.517,0.141,0.79,469,0.482,0.052
pullback limit −0.5 ATR (3 bars),fresh + ≥6 panels,3.0,3.0,10,972,0.523,0.269,1.51,469,0.503,0.185
pullback limit −0.5 ATR (3 bars),fresh + ≥6 panels,3.0,3.0,20,972,0.558,0.406,2.28,469,0.539,0.375
pullback limit −0.5 ATR (3 bars),fresh + ≥6 panels,3.0,4.0,5,972,0.52,0.14,0.79,469,0.482,0.037
pullback limit −0.5 ATR (3 bars),fresh + ≥6 panels,3.0,4.0,10,972,0.529,0.271,1.53,469,0.507,0.157
pullback limit −0.5 ATR (3 bars),fresh + ≥6 panels,3.0,4.0,20,972,0.578,0.41,2.31,469,0.554,0.341
pullback limit −0.5 ATR (3 bars),fresh + ≥6 panels,half@1,1.5,20,972,0.581,0.172,0.97,469,0.567,0.088
pullback limit −0.5 ATR (3 bars),ATR ≥ 5 %,0.5,1.0,5,1106,0.643,-0.029,-0.16,616,0.627,-0.052
pullback limit −0.5 ATR (3 bars),ATR ≥ 5 %,0.5,1.0,10,1106,0.645,-0.032,-0.18,616,0.63,-0.055
pullback limit −0.5 ATR (3 bars),ATR ≥ 5 %,0.5,1.0,20,1106,0.646,-0.032,-0.18,616,0.631,-0.053
pullback limit −0.5 ATR (3 bars),ATR ≥ 5 %,0.5,1.5,5,1106,0.712,-0.037,-0.21,616,0.713,-0.033
pullback limit −0.5 ATR (3 bars),ATR ≥ 5 %,0.5,1.5,10,1106,0.726,-0.039,-0.22,616,0.727,-0.036
pullback limit −0.5 ATR (3 bars),ATR ≥ 5 %,0.5,1.5,20,1106,0.731,-0.038,-0.22,616,0.732,-0.036
pullback limit −0.5 ATR (3 bars),ATR ≥ 5 %,0.5,2.0,5,1106,0.743,-0.023,-0.13,616,0.745,-0.014
pullback limit −0.5 ATR (3 bars),ATR ≥ 5 %,0.5,2.0,10,1106,0.779,-0.018,-0.1,616,0.786,-0.003
pullback limit −0.5 ATR (3 bars),ATR ≥ 5 %,0.5,2.0,20,1106,0.792,-0.017,-0.09,616,0.799,0.001
pullback limit −0.5 ATR (3 bars),ATR ≥ 5 %,0.5,3.0,5,1106,0.754,-0.015,-0.09,616,0.755,-0.002
pullback limit −0.5 ATR (3 bars),ATR ≥ 5 %,0.5,3.0,10,1106,0.806,-0.009,-0.05,616,0.815,0.021
pullback limit −0.5 ATR (3 bars),ATR ≥ 5 %,0.5,3.0,20,1106,0.843,-0.013,-0.07,616,0.854,0.026
pullback limit −0.5 ATR (3 bars),ATR ≥ 5 %,0.5,4.0,5,1106,0.756,-0.01,-0.06,616,0.755,-0.01
pullback limit −0.5 ATR (3 bars),ATR ≥ 5 %,0.5,4.0,10,1106,0.811,-0.003,-0.02,616,0.817,0.015
pullback limit −0.5 ATR (3 bars),ATR ≥ 5 %,0.5,4.0,20,1106,0.854,-0.015,-0.09,616,0.86,0.003
pullback limit −0.5 ATR (3 bars),ATR ≥ 5 %,1.0,1.0,5,1106,0.537,0.073,0.41,616,0.526,0.057
pullback limit −0.5 ATR (3 bars),ATR ≥ 5 %,1.0,1.0,10,1106,0.53,0.062,0.35,616,0.524,0.048
pullback limit −0.5 ATR (3 bars),ATR ≥ 5 %,1.0,1.0,20,1106,0.532,0.062,0.35,616,0.526,0.05
pullback limit −0.5 ATR (3 bars),ATR ≥ 5 %,1.0,1.5,5,1106,0.598,0.059,0.33,616,0.606,0.087
pullback limit −0.5 ATR (3 bars),ATR ≥ 5 %,1.0,1.5,10,1106,0.606,0.035,0.2,616,0.615,0.054
pullback limit −0.5 ATR (3 bars),ATR ≥ 5 %,1.0,1.5,20,1106,0.612,0.033,0.18,616,0.623,0.057
pullback limit −0.5 ATR (3 bars),ATR ≥ 5 %,1.0,2.0,5,1106,0.625,0.069,0.39,616,0.633,0.103
pullback limit −0.5 ATR (3 bars),ATR ≥ 5 %,1.0,2.0,10,1106,0.654,0.051,0.29,616,0.669,0.086
pullback limit −0.5 ATR (3 bars),ATR ≥ 5 %,1.0,2.0,20,1106,0.682,0.064,0.36,616,0.701,0.115
pullback limit −0.5 ATR (3 bars),ATR ≥ 5 %,1.0,3.0,5,1106,0.636,0.079,0.44,616,0.641,0.116
pullback limit −0.5 ATR (3 bars),ATR ≥ 5 %,1.0,3.0,10,1106,0.687,0.085,0.48,616,0.708,0.15
pullback limit −0.5 ATR (3 bars),ATR ≥ 5 %,1.0,3.0,20,1106,0.742,0.081,0.45,616,0.769,0.173
pullback limit −0.5 ATR (3 bars),ATR ≥ 5 %,1.0,4.0,5,1106,0.637,0.081,0.46,616,0.641,0.108
pullback limit −0.5 ATR (3 bars),ATR ≥ 5 %,1.0,4.0,10,1106,0.693,0.095,0.53,616,0.709,0.147
pullback limit −0.5 ATR (3 bars),ATR ≥ 5 %,1.0,4.0,20,1106,0.758,0.086,0.48,616,0.776,0.144
pullback limit −0.5 ATR (3 bars),ATR ≥ 5 %,1.5,1.0,5,1106,0.473,0.123,0.69,616,0.456,0.103
pullback limit −0.5 ATR (3 bars),ATR ≥ 5 %,1.5,1.0,10,1106,0.446,0.105,0.59,616,0.442,0.091
pullback limit −0.5 ATR (3 bars),ATR ≥ 5 %,1.5,1.0,20,1106,0.448,0.113,0.63,616,0.445,0.105
pullback limit −0.5 ATR (3 bars),ATR ≥ 5 %,1.5,1.5,5,1106,0.535,0.115,0.64,616,0.537,0.138
pullback limit −0.5 ATR (3 bars),ATR ≥ 5 %,1.5,1.5,10,1106,0.522,0.082,0.46,616,0.529,0.098
pullback limit −0.5 ATR (3 bars),ATR ≥ 5 %,1.5,1.5,20,1106,0.526,0.078,0.44,616,0.536,0.107
pullback limit −0.5 ATR (3 bars),ATR ≥ 5 %,1.5,2.0,5,1106,0.563,0.128,0.72,616,0.568,0.165
pullback limit −0.5 ATR (3 bars),ATR ≥ 5 %,1.5,2.0,10,1106,0.574,0.112,0.63,616,0.594,0.161
pullback limit −0.5 ATR (3 bars),ATR ≥ 5 %,1.5,2.0,20,1106,0.599,0.123,0.69,616,0.623,0.197
pullback limit −0.5 ATR (3 bars),ATR ≥ 5 %,1.5,3.0,5,1106,0.574,0.138,0.78,616,0.576,0.175
pullback limit −0.5 ATR (3 bars),ATR ≥ 5 %,1.5,3.0,10,1106,0.608,0.15,0.84,616,0.635,0.234
pullback limit −0.5 ATR (3 bars),ATR ≥ 5 %,1.5,3.0,20,1106,0.665,0.161,0.91,616,0.698,0.291
pullback limit −0.5 ATR (3 bars),ATR ≥ 5 %,1.5,4.0,5,1106,0.575,0.14,0.79,616,0.576,0.167
pullback limit −0.5 ATR (3 bars),ATR ≥ 5 %,1.5,4.0,10,1106,0.613,0.158,0.89,616,0.636,0.233
pullback limit −0.5 ATR (3 bars),ATR ≥ 5 %,1.5,4.0,20,1106,0.681,0.171,0.96,616,0.706,0.277
pullback limit −0.5 ATR (3 bars),ATR ≥ 5 %,2.0,1.0,5,1106,0.444,0.154,0.87,616,0.422,0.135
pullback limit −0.5 ATR (3 bars),ATR ≥ 5 %,2.0,1.0,10,1106,0.394,0.134,0.75,616,0.39,0.123
pullback limit −0.5 ATR (3 bars),ATR ≥ 5 %,2.0,1.0,20,1106,0.382,0.134,0.75,616,0.381,0.129
pullback limit −0.5 ATR (3 bars),ATR ≥ 5 %,2.0,1.5,5,1106,0.507,0.151,0.85,616,0.502,0.172
pullback limit −0.5 ATR (3 bars),ATR ≥ 5 %,2.0,1.5,10,1106,0.474,0.132,0.74,616,0.481,0.15
pullback limit −0.5 ATR (3 bars),ATR ≥ 5 %,2.0,1.5,20,1106,0.466,0.128,0.72,616,0.479,0.169
pullback limit −0.5 ATR (3 bars),ATR ≥ 5 %,2.0,2.0,5,1106,0.535,0.165,0.93,616,0.532,0.202
pullback limit −0.5 ATR (3 bars),ATR ≥ 5 %,2.0,2.0,10,1106,0.527,0.174,0.98,616,0.545,0.228
pullback limit −0.5 ATR (3 bars),ATR ≥ 5 %,2.0,2.0,20,1106,0.539,0.187,1.05,616,0.568,0.289
pullback limit −0.5 ATR (3 bars),ATR ≥ 5 %,2.0,3.0,5,1106,0.546,0.177,1.0,616,0.541,0.216
pullback limit −0.5 ATR (3 bars),ATR ≥ 5 %,2.0,3.0,10,1106,0.561,0.223,1.26,616,0.586,0.318
pullback limit −0.5 ATR (3 bars),ATR ≥ 5 %,2.0,3.0,20,1106,0.605,0.235,1.32,616,0.644,0.397
pullback limit −0.5 ATR (3 bars),ATR ≥ 5 %,2.0,4.0,5,1106,0.547,0.178,1.0,616,0.541,0.207
pullback limit −0.5 ATR (3 bars),ATR ≥ 5 %,2.0,4.0,10,1106,0.565,0.234,1.32,616,0.588,0.321
pullback limit −0.5 ATR (3 bars),ATR ≥ 5 %,2.0,4.0,20,1106,0.621,0.247,1.39,616,0.654,0.393
pullback limit −0.5 ATR (3 bars),ATR ≥ 5 %,3.0,1.0,5,1106,0.418,0.186,1.04,616,0.388,0.157
pullback limit −0.5 ATR (3 bars),ATR ≥ 5 %,3.0,1.0,10,1106,0.35,0.205,1.15,616,0.338,0.169
pullback limit −0.5 ATR (3 bars),ATR ≥ 5 %,3.0,1.0,20,1106,0.317,0.196,1.1,616,0.31,0.169
pullback limit −0.5 ATR (3 bars),ATR ≥ 5 %,3.0,1.5,5,1106,0.481,0.186,1.05,616,0.468,0.193
pullback limit −0.5 ATR (3 bars),ATR ≥ 5 %,3.0,1.5,10,1106,0.429,0.214,1.21,616,0.43,0.223
pullback limit −0.5 ATR (3 bars),ATR ≥ 5 %,3.0,1.5,20,1106,0.394,0.19,1.07,616,0.403,0.226
pullback limit −0.5 ATR (3 bars),ATR ≥ 5 %,3.0,2.0,5,1106,0.509,0.204,1.15,616,0.498,0.227
pullback limit −0.5 ATR (3 bars),ATR ≥ 5 %,3.0,2.0,10,1106,0.487,0.272,1.53,616,0.5,0.316
pullback limit −0.5 ATR (3 bars),ATR ≥ 5 %,3.0,2.0,20,1106,0.467,0.269,1.51,616,0.49,0.365
pullback limit −0.5 ATR (3 bars),ATR ≥ 5 %,3.0,3.0,5,1106,0.52,0.219,1.23,616,0.506,0.244
pullback limit −0.5 ATR (3 bars),ATR ≥ 5 %,3.0,3.0,10,1106,0.524,0.344,1.93,616,0.544,0.435
pullback limit −0.5 ATR (3 bars),ATR ≥ 5 %,3.0,3.0,20,1106,0.536,0.355,2.0,616,0.57,0.524
pullback limit −0.5 ATR (3 bars),ATR ≥ 5 %,3.0,4.0,5,1106,0.521,0.22,1.24,616,0.506,0.236
pullback limit −0.5 ATR (3 bars),ATR ≥ 5 %,3.0,4.0,10,1106,0.528,0.357,2.01,616,0.545,0.442
pullback limit −0.5 ATR (3 bars),ATR ≥ 5 %,3.0,4.0,20,1106,0.552,0.37,2.08,616,0.58,0.522
pullback limit −0.5 ATR (3 bars),ATR ≥ 5 %,half@1,1.5,20,1106,0.583,0.16,0.9,616,0.591,0.174
pullback limit −0.5 ATR (3 bars),fresh + ≥6 panels + ATR ≥ 5 %,0.5,1.0,5,463,0.652,-0.015,-0.08,275,0.633,-0.046
pullback limit −0.5 ATR (3 bars),fresh + ≥6 panels + ATR ≥ 5 %,0.5,1.0,10,463,0.652,-0.022,-0.12,275,0.633,-0.051
pullback limit −0.5 ATR (3 bars),fresh + ≥6 panels + ATR ≥ 5 %,0.5,1.0,20,463,0.652,-0.022,-0.12,275,0.633,-0.051
pullback limit −0.5 ATR (3 bars),fresh + ≥6 panels + ATR ≥ 5 %,0.5,1.5,5,463,0.726,-0.015,-0.09,275,0.727,-0.019
pullback limit −0.5 ATR (3 bars),fresh + ≥6 panels + ATR ≥ 5 %,0.5,1.5,10,463,0.734,-0.026,-0.15,275,0.731,-0.035
pullback limit −0.5 ATR (3 bars),fresh + ≥6 panels + ATR ≥ 5 %,0.5,1.5,20,463,0.739,-0.023,-0.13,275,0.735,-0.031
pullback limit −0.5 ATR (3 bars),fresh + ≥6 panels + ATR ≥ 5 %,0.5,2.0,5,463,0.754,-0.014,-0.08,275,0.756,-0.015
pullback limit −0.5 ATR (3 bars),fresh + ≥6 panels + ATR ≥ 5 %,0.5,2.0,10,463,0.786,-0.002,-0.01,275,0.793,0.004
pullback limit −0.5 ATR (3 bars),fresh + ≥6 panels + ATR ≥ 5 %,0.5,2.0,20,463,0.797,-0.006,-0.04,275,0.804,0.011
pullback limit −0.5 ATR (3 bars),fresh + ≥6 panels + ATR ≥ 5 %,0.5,3.0,5,463,0.762,-0.033,-0.19,275,0.764,-0.029
pullback limit −0.5 ATR (3 bars),fresh + ≥6 panels + ATR ≥ 5 %,0.5,3.0,10,463,0.806,-0.034,-0.19,275,0.815,-0.007
pullback limit −0.5 ATR (3 bars),fresh + ≥6 panels + ATR ≥ 5 %,0.5,3.0,20,463,0.838,-0.036,-0.2,275,0.847,-0.002
pullback limit −0.5 ATR (3 bars),fresh + ≥6 panels + ATR ≥ 5 %,0.5,4.0,5,463,0.762,-0.035,-0.2,275,0.764,-0.032
pullback limit −0.5 ATR (3 bars),fresh + ≥6 panels + ATR ≥ 5 %,0.5,4.0,10,463,0.812,-0.025,-0.14,275,0.818,-0.017
pullback limit −0.5 ATR (3 bars),fresh + ≥6 panels + ATR ≥ 5 %,0.5,4.0,20,463,0.857,-0.006,-0.04,275,0.862,0.008
pullback limit −0.5 ATR (3 bars),fresh + ≥6 panels + ATR ≥ 5 %,1.0,1.0,5,463,0.54,0.088,0.49,275,0.524,0.059
pullback limit −0.5 ATR (3 bars),fresh + ≥6 panels + ATR ≥ 5 %,1.0,1.0,10,463,0.542,0.083,0.47,275,0.524,0.047
pullback limit −0.5 ATR (3 bars),fresh + ≥6 panels + ATR ≥ 5 %,1.0,1.0,20,463,0.542,0.084,0.47,275,0.524,0.047
pullback limit −0.5 ATR (3 bars),fresh + ≥6 panels + ATR ≥ 5 %,1.0,1.5,5,463,0.598,0.069,0.39,275,0.604,0.083
pullback limit −0.5 ATR (3 bars),fresh + ≥6 panels + ATR ≥ 5 %,1.0,1.5,10,463,0.613,0.047,0.26,275,0.611,0.041
pullback limit −0.5 ATR (3 bars),fresh + ≥6 panels + ATR ≥ 5 %,1.0,1.5,20,463,0.622,0.054,0.3,275,0.622,0.055
pullback limit −0.5 ATR (3 bars),fresh + ≥6 panels + ATR ≥ 5 %,1.0,2.0,5,463,0.622,0.059,0.33,275,0.625,0.067
pullback limit −0.5 ATR (3 bars),fresh + ≥6 panels + ATR ≥ 5 %,1.0,2.0,10,463,0.663,0.053,0.3,275,0.662,0.044
pullback limit −0.5 ATR (3 bars),fresh + ≥6 panels + ATR ≥ 5 %,1.0,2.0,20,463,0.687,0.063,0.35,275,0.691,0.079
pullback limit −0.5 ATR (3 bars),fresh + ≥6 panels + ATR ≥ 5 %,1.0,3.0,5,463,0.631,0.044,0.25,275,0.633,0.053
pullback limit −0.5 ATR (3 bars),fresh + ≥6 panels + ATR ≥ 5 %,1.0,3.0,10,463,0.693,0.058,0.33,275,0.698,0.084
pullback limit −0.5 ATR (3 bars),fresh + ≥6 panels + ATR ≥ 5 %,1.0,3.0,20,463,0.745,0.054,0.31,275,0.76,0.121
pullback limit −0.5 ATR (3 bars),fresh + ≥6 panels + ATR ≥ 5 %,1.0,4.0,5,463,0.631,0.04,0.23,275,0.633,0.051
pullback limit −0.5 ATR (3 bars),fresh + ≥6 panels + ATR ≥ 5 %,1.0,4.0,10,463,0.7,0.071,0.4,275,0.702,0.076
pullback limit −0.5 ATR (3 bars),fresh + ≥6 panels + ATR ≥ 5 %,1.0,4.0,20,463,0.769,0.083,0.47,275,0.775,0.113
pullback limit −0.5 ATR (3 bars),fresh + ≥6 panels + ATR ≥ 5 %,1.5,1.0,5,463,0.475,0.158,0.89,275,0.444,0.088
pullback limit −0.5 ATR (3 bars),fresh + ≥6 panels + ATR ≥ 5 %,1.5,1.0,10,463,0.462,0.14,0.79,275,0.429,0.054
pullback limit −0.5 ATR (3 bars),fresh + ≥6 panels + ATR ≥ 5 %,1.5,1.0,20,463,0.462,0.149,0.84,275,0.429,0.061
pullback limit −0.5 ATR (3 bars),fresh + ≥6 panels + ATR ≥ 5 %,1.5,1.5,5,463,0.531,0.143,0.81,275,0.524,0.118
pullback limit −0.5 ATR (3 bars),fresh + ≥6 panels + ATR ≥ 5 %,1.5,1.5,10,463,0.527,0.089,0.5,275,0.509,0.028
pullback limit −0.5 ATR (3 bars),fresh + ≥6 panels + ATR ≥ 5 %,1.5,1.5,20,463,0.536,0.1,0.56,275,0.52,0.06
pullback limit −0.5 ATR (3 bars),fresh + ≥6 panels + ATR ≥ 5 %,1.5,2.0,5,463,0.557,0.145,0.81,275,0.553,0.129
pullback limit −0.5 ATR (3 bars),fresh + ≥6 panels + ATR ≥ 5 %,1.5,2.0,10,463,0.583,0.118,0.67,275,0.578,0.078
pullback limit −0.5 ATR (3 bars),fresh + ≥6 panels + ATR ≥ 5 %,1.5,2.0,20,463,0.605,0.12,0.68,275,0.604,0.116
pullback limit −0.5 ATR (3 bars),fresh + ≥6 panels + ATR ≥ 5 %,1.5,3.0,5,463,0.566,0.13,0.73,275,0.56,0.11
pullback limit −0.5 ATR (3 bars),fresh + ≥6 panels + ATR ≥ 5 %,1.5,3.0,10,463,0.616,0.134,0.75,275,0.618,0.128
pullback limit −0.5 ATR (3 bars),fresh + ≥6 panels + ATR ≥ 5 %,1.5,3.0,20,463,0.67,0.157,0.88,275,0.687,0.246
pullback limit −0.5 ATR (3 bars),fresh + ≥6 panels + ATR ≥ 5 %,1.5,4.0,5,463,0.566,0.126,0.71,275,0.56,0.107
pullback limit −0.5 ATR (3 bars),fresh + ≥6 panels + ATR ≥ 5 %,1.5,4.0,10,463,0.622,0.15,0.84,275,0.622,0.122
pullback limit −0.5 ATR (3 bars),fresh + ≥6 panels + ATR ≥ 5 %,1.5,4.0,20,463,0.691,0.176,0.99,275,0.702,0.244
pullback limit −0.5 ATR (3 bars),fresh + ≥6 panels + ATR ≥ 5 %,2.0,1.0,5,463,0.425,0.137,0.77,275,0.385,0.043
pullback limit −0.5 ATR (3 bars),fresh + ≥6 panels + ATR ≥ 5 %,2.0,1.0,10,463,0.387,0.119,0.67,275,0.349,0.008
pullback limit −0.5 ATR (3 bars),fresh + ≥6 panels + ATR ≥ 5 %,2.0,1.0,20,463,0.382,0.139,0.78,275,0.345,0.02
pullback limit −0.5 ATR (3 bars),fresh + ≥6 panels + ATR ≥ 5 %,2.0,1.5,5,463,0.479,0.127,0.71,275,0.458,0.072
pullback limit −0.5 ATR (3 bars),fresh + ≥6 panels + ATR ≥ 5 %,2.0,1.5,10,463,0.46,0.088,0.49,275,0.436,-0.004
pullback limit −0.5 ATR (3 bars),fresh + ≥6 panels + ATR ≥ 5 %,2.0,1.5,20,463,0.464,0.117,0.66,275,0.444,0.051
pullback limit −0.5 ATR (3 bars),fresh + ≥6 panels + ATR ≥ 5 %,2.0,2.0,5,463,0.505,0.128,0.72,275,0.487,0.085
pullback limit −0.5 ATR (3 bars),fresh + ≥6 panels + ATR ≥ 5 %,2.0,2.0,10,463,0.516,0.119,0.67,275,0.505,0.053
pullback limit −0.5 ATR (3 bars),fresh + ≥6 panels + ATR ≥ 5 %,2.0,2.0,20,463,0.536,0.156,0.88,275,0.535,0.153
pullback limit −0.5 ATR (3 bars),fresh + ≥6 panels + ATR ≥ 5 %,2.0,3.0,5,463,0.514,0.114,0.64,275,0.495,0.072
pullback limit −0.5 ATR (3 bars),fresh + ≥6 panels + ATR ≥ 5 %,2.0,3.0,10,463,0.549,0.146,0.82,275,0.545,0.13
pullback limit −0.5 ATR (3 bars),fresh + ≥6 panels + ATR ≥ 5 %,2.0,3.0,20,463,0.603,0.202,1.14,275,0.622,0.305
pullback limit −0.5 ATR (3 bars),fresh + ≥6 panels + ATR ≥ 5 %,2.0,4.0,5,463,0.514,0.108,0.61,275,0.495,0.068
pullback limit −0.5 ATR (3 bars),fresh + ≥6 panels + ATR ≥ 5 %,2.0,4.0,10,463,0.553,0.167,0.94,275,0.549,0.137
pullback limit −0.5 ATR (3 bars),fresh + ≥6 panels + ATR ≥ 5 %,2.0,4.0,20,463,0.624,0.214,1.21,275,0.64,0.319
pullback limit −0.5 ATR (3 bars),fresh + ≥6 panels + ATR ≥ 5 %,3.0,1.0,5,463,0.402,0.195,1.09,275,0.345,0.065
pullback limit −0.5 ATR (3 bars),fresh + ≥6 panels + ATR ≥ 5 %,3.0,1.0,10,463,0.348,0.218,1.22,275,0.302,0.06
pullback limit −0.5 ATR (3 bars),fresh + ≥6 panels + ATR ≥ 5 %,3.0,1.0,20,463,0.326,0.24,1.35,275,0.284,0.083
pullback limit −0.5 ATR (3 bars),fresh + ≥6 panels + ATR ≥ 5 %,3.0,1.5,5,463,0.456,0.19,1.07,275,0.418,0.094
pullback limit −0.5 ATR (3 bars),fresh + ≥6 panels + ATR ≥ 5 %,3.0,1.5,10,463,0.423,0.208,1.17,275,0.393,0.075
pullback limit −0.5 ATR (3 bars),fresh + ≥6 panels + ATR ≥ 5 %,3.0,1.5,20,463,0.404,0.242,1.36,275,0.378,0.149
pullback limit −0.5 ATR (3 bars),fresh + ≥6 panels + ATR ≥ 5 %,3.0,2.0,5,463,0.482,0.196,1.1,275,0.447,0.111
pullback limit −0.5 ATR (3 bars),fresh + ≥6 panels + ATR ≥ 5 %,3.0,2.0,10,463,0.482,0.253,1.42,275,0.465,0.146
pullback limit −0.5 ATR (3 bars),fresh + ≥6 panels + ATR ≥ 5 %,3.0,2.0,20,463,0.482,0.331,1.86,275,0.473,0.296
pullback limit −0.5 ATR (3 bars),fresh + ≥6 panels + ATR ≥ 5 %,3.0,3.0,5,463,0.49,0.187,1.05,275,0.455,0.102
pullback limit −0.5 ATR (3 bars),fresh + ≥6 panels + ATR ≥ 5 %,3.0,3.0,10,463,0.514,0.293,1.65,275,0.505,0.241
pullback limit −0.5 ATR (3 bars),fresh + ≥6 panels + ATR ≥ 5 %,3.0,3.0,20,463,0.546,0.398,2.24,275,0.56,0.489
pullback limit −0.5 ATR (3 bars),fresh + ≥6 panels + ATR ≥ 5 %,3.0,4.0,5,463,0.49,0.181,1.02,275,0.455,0.098
pullback limit −0.5 ATR (3 bars),fresh + ≥6 panels + ATR ≥ 5 %,3.0,4.0,10,463,0.518,0.315,1.77,275,0.509,0.246
pullback limit −0.5 ATR (3 bars),fresh + ≥6 panels + ATR ≥ 5 %,3.0,4.0,20,463,0.566,0.406,2.28,275,0.575,0.495
pullback limit −0.5 ATR (3 bars),fresh + ≥6 panels + ATR ≥ 5 %,half@1,1.5,20,463,0.592,0.151,0.85,275,0.585,0.06
