account,post_date,ticker,their_call,event,conviction,our_state_date,dragon_C,diamond_strict,panels,hole,whales,blue_c,mountain,ours,agree,fwd10,url
dannycheng2022,2026-09-19,ARM,neutral,none,0.27,2026-09-18,False,False,4,0,45,2,3,bullish,,,https://x.com/dannycheng2022/status/2101290753423184143
dannycheng2022,2026-09-19,TSLA,neutral,none,0.03,2026-09-18,False,False,2,0,18,0,2,neutral,,,https://x.com/dannycheng2022/status/2101286976146080098
dannycheng2022,2026-09-19,AMD,bullish,none,2.34,2026-09-18,False,False,7,1,79,2,4,bullish,True,,https://x.com/dannycheng2022/status/2101241736437915810
dannycheng2022,2026-09-19,NVDA,bullish,none,2.34,2026-09-18,False,False,4,0,53,2,4,bullish,True,,https://x.com/dannycheng2022/status/2101241736437915810
dannycheng2022,2026-09-19,PLTR,bullish,none,2.34,2026-09-18,False,False,5,0,84,3,3,bullish,True,,https://x.com/dannycheng2022/status/2101241736437915810
dannycheng2022,2026-09-19,AMD,bullish,none,1.55,2026-09-18,False,False,7,1,79,2,4,bullish,True,,https://x.com/dannycheng2022/status/2101227794521068008
dannycheng2022,2026-09-19,NVDA,bullish,none,1.55,2026-09-18,False,False,4,0,53,2,4,bullish,True,,https://x.com/dannycheng2022/status/2101227794521068008
dannycheng2022,2026-09-19,PLTR,bullish,none,1.55,2026-09-18,False,False,5,0,84,3,3,bullish,True,,https://x.com/dannycheng2022/status/2101227794521068008
dannycheng2022,2026-09-19,SOFI,neutral,none,0.02,2026-09-18,False,False,0,-1,22,0,0,bearish,,,https://x.com/dannycheng2022/status/2101215704494252275
dannycheng2022,2026-09-19,AMD,bullish,none,1.46,2026-09-18,False,False,7,1,79,2,4,bullish,True,,https://x.com/dannycheng2022/status/2101213162553164035
dannycheng2022,2026-09-19,PLTR,bullish,none,1.46,2026-09-18,False,False,5,0,84,3,3,bullish,True,,https://x.com/dannycheng2022/status/2101213162553164035
dannycheng2022,2026-09-19,MRNA,neutral,volatility_hole,1.06,2026-09-18,False,False,5,0,79,2,4,bullish,,,https://x.com/dannycheng2022/status/2101210007870296524
dannycheng2022,2026-09-19,RIOT,bearish,candle_colour,0.75,2026-09-18,False,False,5,0,49,2,3,bullish,False,,https://x.com/dannycheng2022/status/2101208223047139705
dannycheng2022,2026-09-19,HUT,neutral,none,0.25,2026-09-18,False,False,3,0,39,0,3,neutral,,,https://x.com/dannycheng2022/status/2101207523458158996
dannycheng2022,2026-09-19,CLSK,neutral,none,1.18,2026-09-18,False,False,5,0,42,1,3,bullish,,,https://x.com/dannycheng2022/status/2101205200002511169
dannycheng2022,2026-09-19,MARA,neutral,none,1.18,2026-09-18,False,False,3,0,41,0,3,neutral,,,https://x.com/dannycheng2022/status/2101205200002511169
dannycheng2022,2026-09-19,MARA,bullish,momentum_bar_level,0.96,2026-09-18,False,False,3,0,41,0,3,neutral,False,,https://x.com/dannycheng2022/status/2101203758248071186
dannycheng2022,2026-09-19,CIFR,neutral,none,0.0,2026-09-18,False,False,1,0,23,1,3,neutral,,,https://x.com/dannycheng2022/status/2101201088305127910
dannycheng2022,2026-09-19,IREN,neutral,none,0.0,2026-09-18,False,False,4,0,38,1,3,neutral,,,https://x.com/dannycheng2022/status/2101201088305127910
dannycheng2022,2026-09-17,TSLA,bullish,volatility_hole,1.27,2026-09-17,False,False,3,0,16,0,3,neutral,False,,https://x.com/dannycheng2022/status/2100402056414765186
dannycheng2022,2026-09-16,CLSK,bearish,volatility_hole,1.48,2026-09-16,False,False,4,0,31,0,1,neutral,False,,https://x.com/dannycheng2022/status/2100068495031763143
dannycheng2022,2026-09-15,CRM,bullish,volatility_hole,1.26,2026-09-15,True,False,5,1,89,1,4,bullish,True,,https://x.com/dannycheng2022/status/2099687183796085024
dannycheng2022,2026-09-13,MRNA,neutral,volatility_hole,0.05,2026-09-11,False,False,3,0,61,1,3,neutral,,,https://x.com/dannycheng2022/status/2099050034881044597
dannycheng2022,2024-07-04,TSLA,bullish,none,0.25,2024-07-03,False,False,7,1,94,2,4,bullish,True,-0.23,https://x.com/dannycheng2022/status/1808795788195107006
dannycheng2022,2026-05-27,BB,bearish,none,2.01,2026-05-27,False,False,7,1,97,3,4,bullish,False,2.8,https://x.com/dannycheng2022/status/2059474858963275791
sunxliao,2026-09-14,AMD,bullish,blue_diamond,1.96,2026-09-14,True,False,5,1,61,2,4,bullish,True,,https://x.com/sunxliao/status/2099511166901145946
sunxliao,2026-09-14,BE,bullish,blue_diamond,1.96,2026-09-14,True,False,4,1,60,2,4,bullish,True,,https://x.com/sunxliao/status/2099511166901145946
sunxliao,2026-09-14,CIFR,bullish,blue_diamond,1.96,2026-09-14,False,False,0,0,12,1,1,bearish,False,,https://x.com/sunxliao/status/2099511166901145946
sunxliao,2026-09-14,INTC,bullish,blue_diamond,1.96,2026-09-14,False,False,4,1,40,2,2,bullish,True,,https://x.com/sunxliao/status/2099511166901145946
sunxliao,2026-09-14,IREN,bullish,blue_diamond,1.96,2026-09-14,False,False,4,0,36,1,3,neutral,False,,https://x.com/sunxliao/status/2099511166901145946
sunxliao,2026-09-14,MU,bullish,blue_diamond,1.96,2026-09-14,False,False,2,0,60,0,1,neutral,False,,https://x.com/sunxliao/status/2099511166901145946
dannycheng2022,2026-09-18,AMD,bullish,momentum_bar_level,1.97,2026-09-18,False,False,7,1,79,2,4,bullish,True,,https://x.com/dannycheng2022/status/2100781814558364082
dannycheng2022,2026-09-14,SMCI,neutral,volatility_hole,0.46,2026-09-14,False,False,3,0,77,0,2,neutral,,,https://x.com/dannycheng2022/status/2099336926285472081
dannycheng2022,2026-09-13,ASTS,neutral,momentum_bar_level,0.01,2026-09-11,False,False,0,0,6,1,0,bearish,,,https://x.com/dannycheng2022/status/2098977292064297448
dannycheng2022,2026-09-11,MSFT,bullish,volatility_hole,1.0,2026-09-11,False,False,4,0,83,1,4,neutral,False,,https://x.com/dannycheng2022/status/2098265727673536992
dannycheng2022,2026-09-10,AMD,bullish,none,2.53,2026-09-10,True,False,5,1,65,2,4,bullish,True,,https://x.com/dannycheng2022/status/2097925579161157910
dannycheng2022,2026-09-08,INTC,bullish,candle_colour,1.98,2026-09-08,False,False,2,0,38,2,2,bullish,True,,https://x.com/dannycheng2022/status/2097154164065546718
dannycheng2022,2026-09-12,AMD,bullish,none,2.29,2026-09-11,False,False,6,1,66,2,4,bullish,True,,https://x.com/dannycheng2022/status/2098626970041176366
dannycheng2022,2026-09-11,AMD,bullish,none,2.25,2026-09-11,False,False,6,1,66,2,4,bullish,True,,https://x.com/dannycheng2022/status/2098427596551733739
dannycheng2022,2026-09-11,NVDA,bullish,none,2.25,2026-09-11,False,False,3,0,61,0,0,neutral,False,,https://x.com/dannycheng2022/status/2098427596551733739
dannycheng2022,2026-09-10,AMD,bullish,none,1.75,2026-09-10,True,False,5,1,65,2,4,bullish,True,,https://x.com/dannycheng2022/status/2097942355529924759
dannycheng2022,2026-09-10,NVDA,bullish,none,1.75,2026-09-10,False,False,4,1,67,0,0,neutral,False,,https://x.com/dannycheng2022/status/2097942355529924759
dannycheng2022,2026-09-09,PLTR,bullish,none,1.98,2026-09-09,False,False,3,0,85,1,1,neutral,False,,https://x.com/dannycheng2022/status/2097500080970617337
dannycheng2022,2026-09-04,HOOD,bullish,none,1.59,2026-09-04,True,False,6,1,93,1,4,bullish,True,,https://x.com/dannycheng2022/status/2095840800328302763
dannycheng2022,2026-09-04,PLTR,bullish,none,1.59,2026-09-04,False,False,3,0,89,1,4,neutral,False,,https://x.com/dannycheng2022/status/2095840800328302763
dannycheng2022,2026-09-04,SOFI,bullish,none,1.59,2026-09-04,False,False,2,0,56,0,3,neutral,False,,https://x.com/dannycheng2022/status/2095840800328302763
dannycheng2022,2026-09-03,AMD,bullish,none,1.18,2026-09-03,False,False,0,0,46,0,0,bearish,False,21.17,https://x.com/dannycheng2022/status/2095421730152161731
dannycheng2022,2026-09-03,PLTR,bullish,none,1.18,2026-09-03,False,False,4,0,90,1,4,neutral,False,-1.32,https://x.com/dannycheng2022/status/2095421730152161731
dannycheng2022,2026-09-02,TSLA,bullish,volatility_hole,0.85,2026-09-02,False,False,3,0,16,0,1,neutral,False,0.1,https://x.com/dannycheng2022/status/2095100672773689549
dannycheng2022,2026-08-31,NVDA,bullish,none,1.94,2026-08-31,False,False,5,0,70,0,2,bullish,True,-2.11,https://x.com/dannycheng2022/status/2094302828785438927
dannycheng2022,2026-08-31,PLTR,bullish,none,1.94,2026-08-31,True,False,6,1,98,2,4,bullish,True,-5.69,https://x.com/dannycheng2022/status/2094302828785438927
dannycheng2022,2026-08-30,HOOD,bullish,momentum_bar_level,2.93,2026-08-28,True,False,4,1,84,1,4,bullish,True,10.55,https://x.com/dannycheng2022/status/2094003338337472619
dannycheng2022,2026-08-30,PLTR,bullish,momentum_bar_level,2.93,2026-08-28,True,False,6,1,96,2,4,bullish,True,-6.06,https://x.com/dannycheng2022/status/2094003338337472619
dannycheng2022,2026-08-30,SE,bullish,momentum_bar_level,2.93,2026-08-28,False,False,4,0,85,1,3,neutral,False,-7.51,https://x.com/dannycheng2022/status/2094003338337472619
dannycheng2022,2026-08-28,HIMS,bullish,volatility_hole,1.99,2026-08-28,False,False,0,0,67,1,1,neutral,False,0.49,https://x.com/dannycheng2022/status/2093369157349957693
dannycheng2022,2026-08-28,PYPL,bullish,volatility_hole,1.99,2026-08-28,False,False,2,0,86,1,1,neutral,False,1.2,https://x.com/dannycheng2022/status/2093369157349957693
sunxliao,2025-07-21,IREN,bullish,none,0.84,2025-07-21,True,False,6,1,93,1,4,bullish,True,-13.15,https://x.com/sunxliao/status/1947365479678394534
