rule,year,n,total,win,avg,med,avg_atr,pf,per_wk,tick_pos,bear_n,bear_avg
"ref: hole up + whales≥50 + TE up, exit TE turn or hole down",2017,243,1153.9,0.465,4.75,-0.77,2.47,2.39,4.67,0.64,126,6.9
"ref: hole up + whales≥50 + TE up, exit TE turn or hole down",2018,238,-322.3,0.286,-1.35,-4.43,-0.43,0.77,4.58,0.23,19,-10.16
"ref: hole up + whales≥50 + TE up, exit TE turn or hole down",2019,308,2699.5,0.471,8.76,-0.95,2.26,3.27,5.92,0.48,39,26.83
"ref: hole up + whales≥50 + TE up, exit TE turn or hole down",2020,490,10809.1,0.514,22.06,0.56,3.37,6.64,9.42,0.77,78,37.76
"ref: hole up + whales≥50 + TE up, exit TE turn or hole down",2021,434,493.1,0.343,1.14,-3.46,0.25,1.21,8.35,0.36,0,
"ref: hole up + whales≥50 + TE up, exit TE turn or hole down",2022,223,-1482.3,0.179,-6.65,-7.47,-1.09,0.21,4.29,0.15,192,-6.21
"ref: hole up + whales≥50 + TE up, exit TE turn or hole down",2023,550,2751.3,0.409,5.0,-3.07,1.42,1.96,10.58,0.53,35,17.93
"ref: hole up + whales≥50 + TE up, exit TE turn or hole down",2024,583,7114.4,0.4,12.2,-3.15,2.14,2.98,11.21,0.55,0,
"ref: hole up + whales≥50 + TE up, exit TE turn or hole down",2025,601,3988.3,0.406,6.64,-3.25,1.11,2.09,11.56,0.55,36,18.42
"ref: hole up + whales≥50 + TE up, exit TE turn or hole down",2026,325,447.8,0.329,1.38,-5.59,0.39,1.2,6.25,0.29,9,51.08
"ref: hole up + whales≥50 + TE up, exit TE turn or hole down",2024+,1509,11550.4,0.387,7.65,-3.76,1.35,2.22,10.66,0.67,45,24.95
A: exit hole broke down only,2017,243,3773.2,0.535,15.53,2.0,4.7,5.39,4.67,0.64,126,19.76
A: exit hole broke down only,2018,238,-629.5,0.282,-2.64,-5.39,-0.61,0.65,4.58,0.21,19,-7.85
A: exit hole broke down only,2019,308,2279.6,0.477,7.4,-0.58,1.76,2.54,5.92,0.44,39,26.38
A: exit hole broke down only,2020,490,19495.7,0.565,39.79,4.91,5.91,9.81,9.42,0.75,78,53.0
A: exit hole broke down only,2021,434,302.6,0.369,0.7,-4.4,0.14,1.09,8.35,0.37,0,
A: exit hole broke down only,2022,223,-2316.0,0.148,-10.39,-12.12,-1.59,0.18,4.29,0.11,192,-9.43
A: exit hole broke down only,2023,550,3870.4,0.425,7.04,-3.13,1.8,2.05,10.58,0.52,35,22.32
A: exit hole broke down only,2024,583,9267.9,0.437,15.9,-2.31,2.79,3.24,11.21,0.63,0,
A: exit hole broke down only,2025,601,5761.7,0.416,9.59,-3.34,1.61,2.27,11.56,0.52,36,19.65
A: exit hole broke down only,2026,325,564.3,0.357,1.74,-6.48,0.5,1.2,6.25,0.29,9,48.78
A: exit hole broke down only,2024+,1509,15594.0,0.412,10.33,-3.79,1.83,2.36,10.66,0.65,45,25.47
"C: A + Diamond vetoes (bubble, Mountain≥3, above gold)",2017,162,3394.6,0.549,20.95,2.32,6.13,6.42,3.12,0.64,87,28.25
"C: A + Diamond vetoes (bubble, Mountain≥3, above gold)",2018,216,-553.7,0.241,-2.56,-5.42,-0.5,0.66,4.15,0.16,23,-8.23
"C: A + Diamond vetoes (bubble, Mountain≥3, above gold)",2019,291,1654.5,0.474,5.69,-0.58,1.56,2.29,5.6,0.47,45,27.14
"C: A + Diamond vetoes (bubble, Mountain≥3, above gold)",2020,458,25219.0,0.583,55.06,8.99,7.76,12.97,8.81,0.81,100,58.03
"C: A + Diamond vetoes (bubble, Mountain≥3, above gold)",2021,430,-231.8,0.33,-0.54,-4.95,0.12,0.94,8.27,0.34,0,
"C: A + Diamond vetoes (bubble, Mountain≥3, above gold)",2022,237,-2278.6,0.143,-9.61,-10.52,-1.56,0.19,4.56,0.09,200,-8.68
"C: A + Diamond vetoes (bubble, Mountain≥3, above gold)",2023,576,3456.5,0.422,6.0,-3.59,1.73,1.79,11.08,0.49,41,18.38
"C: A + Diamond vetoes (bubble, Mountain≥3, above gold)",2024,601,11022.4,0.429,18.34,-3.45,2.85,3.23,11.56,0.59,0,
"C: A + Diamond vetoes (bubble, Mountain≥3, above gold)",2025,626,6960.7,0.419,11.12,-4.17,1.76,2.43,12.04,0.52,41,22.12
"C: A + Diamond vetoes (bubble, Mountain≥3, above gold)",2026,370,931.0,0.384,2.52,-6.26,0.55,1.3,7.12,0.26,8,47.85
"C: A + Diamond vetoes (bubble, Mountain≥3, above gold)",2024+,1597,18914.1,0.415,11.84,-4.33,1.89,2.46,11.28,0.59,49,26.32
D: C + fresh break (≤3 bars),2017,87,2359.2,0.575,27.12,5.2,7.54,7.75,1.67,0.73,45,41.52
D: C + fresh break (≤3 bars),2018,118,-278.4,0.297,-2.36,-6.24,-0.47,0.69,2.27,0.27,16,-7.02
D: C + fresh break (≤3 bars),2019,182,963.9,0.478,5.3,-0.6,1.45,2.19,3.5,0.48,28,26.57
D: C + fresh break (≤3 bars),2020,257,16675.4,0.607,64.88,10.92,9.35,16.15,4.94,0.8,57,55.42
D: C + fresh break (≤3 bars),2021,225,238.2,0.364,1.06,-4.45,0.24,1.13,4.33,0.35,0,
D: C + fresh break (≤3 bars),2022,160,-1584.4,0.138,-9.9,-11.66,-1.55,0.19,3.08,0.14,141,-9.24
D: C + fresh break (≤3 bars),2023,343,2653.0,0.446,7.73,-3.24,1.9,2.08,6.6,0.54,28,11.96
D: C + fresh break (≤3 bars),2024,347,7214.9,0.45,20.79,-2.45,3.52,3.54,6.67,0.64,0,
D: C + fresh break (≤3 bars),2025,353,4484.8,0.428,12.7,-3.12,2.0,2.59,6.79,0.53,24,20.8
D: C + fresh break (≤3 bars),2026,229,310.9,0.345,1.36,-7.06,0.34,1.15,4.4,0.27,8,48.97
D: C + fresh break (≤3 bars),2024+,929,12010.6,0.416,12.93,-4.2,2.16,2.56,6.56,0.63,32,27.84
E: D + ≥6 of 7 panels,2017,70,2157.0,0.6,30.81,7.18,7.66,8.78,1.35,0.69,37,44.65
E: D + ≥6 of 7 panels,2018,106,-221.2,0.311,-2.09,-5.31,-0.45,0.72,2.04,0.33,15,-6.55
E: D + ≥6 of 7 panels,2019,167,889.3,0.473,5.33,-1.01,1.47,2.12,3.21,0.54,28,25.55
E: D + ≥6 of 7 panels,2020,224,13015.8,0.621,58.11,12.48,9.09,14.26,4.31,0.81,50,61.11
E: D + ≥6 of 7 panels,2021,195,366.5,0.385,1.88,-4.45,0.31,1.22,3.75,0.39,0,
E: D + ≥6 of 7 panels,2022,148,-1424.8,0.149,-9.63,-11.86,-1.52,0.2,2.85,0.16,130,-8.87
E: D + ≥6 of 7 panels,2023,305,2507.2,0.466,8.22,-2.8,2.0,2.16,5.87,0.55,24,8.07
E: D + ≥6 of 7 panels,2024,309,6887.7,0.466,22.29,-1.79,3.82,3.84,5.94,0.64,0,
E: D + ≥6 of 7 panels,2025,328,4870.1,0.436,14.85,-2.87,2.34,2.86,6.31,0.54,22,24.74
E: D + ≥6 of 7 panels,2026,209,265.0,0.33,1.27,-7.09,0.33,1.14,4.02,0.23,7,38.24
E: D + ≥6 of 7 panels,2024+,846,12022.8,0.421,14.21,-3.85,2.38,2.73,5.98,0.62,29,28.0
F: C + ATR ≥ 5 % names,2017,37,2212.3,0.405,59.79,-6.18,9.83,7.96,0.71,0.33,15,94.74
F: C + ATR ≥ 5 % names,2018,61,-512.0,0.197,-8.39,-10.34,-1.09,0.32,1.17,0.06,15,-6.72
F: C + ATR ≥ 5 % names,2019,62,505.7,0.339,8.16,-7.69,1.75,1.87,1.19,0.37,11,62.25
F: C + ATR ≥ 5 % names,2020,251,21235.0,0.641,84.6,22.91,9.91,16.48,4.83,0.84,71,68.47
F: C + ATR ≥ 5 % names,2021,199,-473.4,0.236,-2.38,-11.76,-0.34,0.83,3.83,0.28,0,
F: C + ATR ≥ 5 % names,2022,166,-2019.6,0.133,-12.17,-13.64,-1.78,0.12,3.19,0.08,148,-10.98
F: C + ATR ≥ 5 % names,2023,278,295.8,0.335,1.06,-8.91,0.31,1.09,5.35,0.36,11,15.63
F: C + ATR ≥ 5 % names,2024,361,9879.1,0.41,27.37,-6.11,3.72,3.55,6.94,0.53,0,
F: C + ATR ≥ 5 % names,2025,357,6373.6,0.445,17.85,-5.29,2.55,2.81,6.87,0.51,23,24.5
F: C + ATR ≥ 5 % names,2026,242,665.2,0.405,2.75,-6.65,0.67,1.29,4.65,0.33,5,76.27
F: C + ATR ≥ 5 % names,2024+,960,16917.9,0.422,17.62,-5.64,2.52,2.75,6.78,0.61,28,33.75
C + stock above its own 200-day SMA,2017,66,548.8,0.364,8.31,-3.2,2.23,2.52,1.27,0.42,0,
C + stock above its own 200-day SMA,2018,179,-212.9,0.24,-1.19,-5.22,-0.38,0.81,3.44,0.22,19,-10.61
C + stock above its own 200-day SMA,2019,246,1746.1,0.488,7.1,-0.08,1.88,2.84,4.73,0.51,37,32.92
C + stock above its own 200-day SMA,2020,407,24063.4,0.597,59.12,10.4,8.56,15.12,7.83,0.77,89,55.28
C + stock above its own 200-day SMA,2021,357,-10.9,0.345,-0.03,-4.7,0.27,1.0,6.87,0.34,0,
C + stock above its own 200-day SMA,2022,139,-1058.6,0.165,-7.62,-9.07,-1.25,0.27,2.67,0.13,107,-6.38
C + stock above its own 200-day SMA,2023,524,2535.8,0.418,4.84,-3.96,1.4,1.63,10.08,0.51,31,8.58
C + stock above its own 200-day SMA,2024,555,9735.4,0.414,17.54,-3.97,2.69,3.07,10.67,0.58,0,
C + stock above its own 200-day SMA,2025,596,6432.5,0.419,10.79,-4.22,1.76,2.37,11.46,0.51,38,21.09
C + stock above its own 200-day SMA,2026,319,760.2,0.376,2.38,-7.01,0.54,1.27,6.13,0.25,7,53.9
C + stock above its own 200-day SMA,2024+,1470,16928.0,0.408,11.52,-4.47,1.84,2.39,10.38,0.55,45,26.2
C + SPY above its 200-day line,2017,75,936.8,0.413,12.49,-2.85,2.44,3.44,1.44,0.44,0,
C + SPY above its 200-day line,2018,200,-445.1,0.25,-2.23,-5.2,-0.38,0.69,3.85,0.26,0,
C + SPY above its 200-day line,2019,256,504.5,0.441,1.97,-1.18,0.82,1.43,4.92,0.47,0,
C + SPY above its 200-day line,2020,376,20069.6,0.521,53.38,1.72,7.27,10.86,7.23,0.65,0,
C + SPY above its 200-day line,2021,430,-231.8,0.33,-0.54,-4.95,0.12,0.94,8.27,0.34,0,
C + SPY above its 200-day line,2022,52,-695.6,0.058,-13.38,-13.36,-1.99,0.08,1.0,0.09,0,
C + SPY above its 200-day line,2023,593,3506.1,0.418,5.91,-4.34,1.72,1.78,11.4,0.52,0,
C + SPY above its 200-day line,2024,601,11022.4,0.429,18.34,-3.45,2.85,3.23,11.56,0.59,0,
C + SPY above its 200-day line,2025,595,6294.3,0.405,10.58,-4.55,1.64,2.33,11.44,0.45,0,
C + SPY above its 200-day line,2026,367,698.8,0.379,1.9,-6.41,0.43,1.22,7.06,0.26,0,
C + SPY above its 200-day line,2024+,1563,18015.4,0.408,11.53,-4.47,1.82,2.4,11.04,0.59,0,
C + both regime filters,2017,66,548.8,0.364,8.31,-3.2,2.23,2.52,1.27,0.42,0,
C + both regime filters,2018,166,-81.3,0.259,-0.49,-4.93,-0.23,0.92,3.19,0.31,0,
C + both regime filters,2019,219,599.2,0.457,2.74,-1.01,1.01,1.68,4.21,0.49,0,
C + both regime filters,2020,331,19661.3,0.541,59.4,5.65,8.32,13.17,6.37,0.65,0,
C + both regime filters,2021,357,-10.9,0.345,-0.03,-4.7,0.27,1.0,6.87,0.34,0,
C + both regime filters,2022,40,-479.5,0.075,-11.99,-12.18,-1.91,0.11,0.77,0.11,0,
C + both regime filters,2023,536,2664.4,0.416,4.97,-4.52,1.43,1.65,10.31,0.53,0,
C + both regime filters,2024,555,9735.4,0.414,17.54,-3.97,2.69,3.07,10.67,0.58,0,
C + both regime filters,2025,566,5783.9,0.405,10.22,-4.58,1.63,2.27,10.88,0.44,0,
C + both regime filters,2026,316,539.8,0.37,1.71,-7.07,0.41,1.19,6.08,0.25,0,
C + both regime filters,2024+,1437,16059.1,0.401,11.18,-4.7,1.77,2.33,10.15,0.54,0,
"C + SPY above 200-day, exit also when SPY drops below it",2017,75,925.2,0.413,12.34,-2.85,2.39,3.41,1.44,0.44,0,
"C + SPY above 200-day, exit also when SPY drops below it",2018,200,-30.9,0.27,-0.15,-4.08,-0.12,0.97,3.85,0.3,0,
"C + SPY above 200-day, exit also when SPY drops below it",2019,256,679.7,0.438,2.65,-1.18,0.85,1.65,4.92,0.51,0,
"C + SPY above 200-day, exit also when SPY drops below it",2020,376,17453.6,0.503,46.42,0.1,6.18,10.78,7.23,0.65,0,
"C + SPY above 200-day, exit also when SPY drops below it",2021,430,-182.0,0.33,-0.42,-4.95,0.14,0.95,8.27,0.36,0,
"C + SPY above 200-day, exit also when SPY drops below it",2022,52,-224.0,0.173,-4.31,-3.18,-0.81,0.13,1.0,0.18,0,
"C + SPY above 200-day, exit also when SPY drops below it",2023,593,1585.5,0.386,2.67,-3.52,0.94,1.37,11.4,0.47,0,
"C + SPY above 200-day, exit also when SPY drops below it",2024,601,11027.8,0.429,18.35,-3.45,2.85,3.23,11.56,0.59,0,
"C + SPY above 200-day, exit also when SPY drops below it",2025,595,6294.6,0.408,10.58,-4.31,1.68,2.38,11.44,0.47,0,
"C + SPY above 200-day, exit also when SPY drops below it",2026,367,-76.0,0.39,-0.21,-6.26,0.02,0.98,7.06,0.28,0,
"C + SPY above 200-day, exit also when SPY drops below it",2024+,1563,17246.4,0.412,11.03,-4.31,1.74,2.37,11.04,0.59,0,
"Diamond strict, flip exit",2017,41,92.3,0.463,2.25,-0.65,1.26,2.27,0.79,0.52,22,3.68
"Diamond strict, flip exit",2018,49,53.9,0.306,1.1,-1.54,0.17,1.32,0.94,0.28,4,-6.36
"Diamond strict, flip exit",2019,65,56.4,0.354,0.87,-0.94,0.25,1.29,1.25,0.44,10,5.55
"Diamond strict, flip exit",2020,74,1573.7,0.486,21.27,-0.25,2.89,8.46,1.42,0.53,5,5.9
"Diamond strict, flip exit",2021,83,-27.9,0.325,-0.34,-2.75,-0.05,0.93,1.6,0.38,0,
"Diamond strict, flip exit",2022,51,-290.6,0.157,-5.7,-5.09,-1.02,0.1,0.98,0.12,43,-5.74
"Diamond strict, flip exit",2023,137,171.0,0.343,1.25,-2.79,0.23,1.25,2.63,0.39,11,4.68
"Diamond strict, flip exit",2024,137,1284.6,0.394,9.38,-1.7,1.15,2.77,2.63,0.47,0,
"Diamond strict, flip exit",2025,130,343.6,0.4,2.64,-3.01,0.42,1.51,2.5,0.5,8,6.04
"Diamond strict, flip exit",2026,71,317.2,0.352,4.47,-4.73,0.84,1.88,1.37,0.38,2,61.54
"Diamond strict, flip exit",2024+,338,1945.4,0.388,5.76,-2.87,0.8,2.11,2.39,0.46,10,17.14
"CONTROL: random days, ~25-bar hold",2017,818,2246.5,0.554,2.75,0.73,0.75,2.14,15.73,0.76,401,2.53
"CONTROL: random days, ~25-bar hold",2018,960,649.3,0.498,0.68,0.0,0.11,1.16,18.46,0.59,214,-0.54
"CONTROL: random days, ~25-bar hold",2019,1147,1737.9,0.558,1.52,0.88,0.44,1.43,22.06,0.64,129,9.16
"CONTROL: random days, ~25-bar hold",2020,1278,9782.7,0.62,7.65,2.52,1.07,3.13,24.58,0.86,314,9.99
"CONTROL: random days, ~25-bar hold",2021,1705,2152.3,0.481,1.26,-0.15,0.29,1.27,32.79,0.52,0,
"CONTROL: random days, ~25-bar hold",2022,1946,-3066.1,0.421,-1.58,-2.18,-0.25,0.79,37.42,0.36,1662,-0.32
"CONTROL: random days, ~25-bar hold",2023,1912,5257.4,0.547,2.75,0.74,0.55,1.58,36.77,0.71,201,12.87
"CONTROL: random days, ~25-bar hold",2024,2054,8339.2,0.52,4.06,0.39,0.67,1.92,39.5,0.72,0,
"CONTROL: random days, ~25-bar hold",2025,2089,5756.7,0.526,2.76,0.64,0.39,1.56,40.17,0.63,345,6.72
"CONTROL: random days, ~25-bar hold",2026,1486,650.9,0.471,0.44,-0.8,0.1,1.08,28.58,0.5,112,12.65
"CONTROL: random days, ~25-bar hold",2024+,5629,14746.9,0.509,2.62,0.21,0.42,1.55,39.76,0.76,457,8.17
