suite,signal,exit,symbol,tf,net_profit_pct,profit_factor,win_rate,max_dd_pct,trades,avg_trade_pct,bh_pct,alpha_pct,tpw,bear_pnl_pct,bull_pnl_pct,short_pnl_pct,exposure_pct,robustness,overfit_risk,raw
homily,Dragon hole ref,Hole broke down,NASDAQ:MRNA,D,404.75,3.205,47.37,40.4,19.0,,728.17,-466.53,0.0468,77.13,184.57,0.0,37.19,0.74,0.8,"C | Moderna, Inc. | 1D ‖ {'Total PnL': '+40,475.19USD+404.75%', 'Max drawdown': '4,040.45USD40.40%', 'Profitable trades': '47.37%9/19', 'Profit factor': '3.205', 'Total trades': '19'}"
homily,Dragon hole ref,Hole broke down,NASDAQ:PLTR,D,60.81,1.374,30.0,93.31,20.0,,1769.89,-1709.08,0.0642,-9.72,70.53,0.0,39.43,0.01,0.89,"C | Palantir Technologies Inc. | 1D ‖ {'Total PnL': '+6,080.99USD+60.81%', 'Max drawdown': '9,331.37USD93.31%', 'Profitable trades': '30.00%6/20', 'Profit factor': '1.374', 'Total trades': '20'}"
homily,Dragon hole ref,Hole broke down,NASDAQ:NVDA,D,335.4,3.67,51.85,15.22,27.0,,4359.89,-4024.82,0.0594,227.58,107.55,0.0,57.95,1.6,0.77,"C | NVIDIA Corporation | 1D ‖ {'Total PnL': '+33,540.48USD+335.40%', 'Max drawdown': '3,338.57USD15.22%', 'Profitable trades': '51.85%14/27', 'Profit factor': '3.67', 'Total trades': '27'}"
homily,Dragon hole ref,Hole broke down,NASDAQ:INTC,D,94.6,1.581,32.0,138.29,25.0,,131.8,-37.2,0.055,-10.39,104.99,0.0,37.08,0.02,0.88,"C | Intel Corporation | 1D ‖ {'Total PnL': '+9,460.41USD+94.60%', 'Max drawdown': '13,829.03USD138.29%', 'Profitable trades': '32.00%8/25', 'Profit factor': '1.581', 'Total trades': '25'}"
homily,Dragon hole ref,Hole broke down,NASDAQ:IREN,D,309.64,3.301,45.45,77.74,11.0,,90.92,218.72,0.0436,-33.13,342.77,0.0,37.43,0.09,0.83,"C | IREN LIMITED | 1D ‖ {'Total PnL': '+30,964.35USD+309.64%', 'Max drawdown': '7,774.36USD77.74%', 'Profitable trades': '45.45%5/11', 'Profit factor': '3.301', 'Total trades': '11'}"
homily,Dragon hole ref,Hole broke down,NASDAQ:ONDS,D,357.63,2.73,33.33,204.88,12.0,,-45.26,402.88,0.0291,-57.12,414.74,0.0,30.96,0.02,0.87,"C | Ondas Inc | 1D ‖ {'Total PnL': '+35,762.55USD+357.63%', 'Max drawdown': '20,488.38USD204.88%', 'Profitable trades': '33.33%4/12', 'Profit factor': '2.73', 'Total trades': '12'}"
homily,Dragon hole ref,Hole broke down,NASDAQ:SLNH,D,363.39,2.713,37.5,45.39,16.0,,-94.96,458.35,0.0352,7.19,356.19,0.0,29.25,0.4,0.81,"C | Soluna Holdings, Inc. | 1D ‖ {'Total PnL': '+36,338.59USD+363.39%', 'Max drawdown': '12,025.75USD45.39%', 'Profitable trades': '37.50%6/16', 'Profit factor': '2.713', 'Total trades': '16'}"
homily,Dragon hole ref,Hole broke down,NASDAQ:CLSK,D,239.65,1.776,40.0,99.02,20.0,,-8.99,248.65,0.0446,-82.66,322.31,0.0,32.97,0.02,0.86,"C | CleanSpark, Inc. | 1D ‖ {'Total PnL': '+23,965.19USD+239.65%', 'Max drawdown': '10,963.01USD99.02%', 'Profitable trades': '40.00%8/20', 'Profit factor': '1.776', 'Total trades': '20'}"
homily,Dragon hole ref,Chandelier 3 ATR,NASDAQ:MRNA,D,368.58,3.075,39.53,42.22,43.0,,728.17,-359.59,0.1059,100.98,267.59,0.0,26.7,1.03,0.81,"C | Moderna, Inc. | 1D ‖ {'Total PnL': '+36,857.81USD+368.58%', 'Max drawdown': '4,222.00USD42.22%', 'Profitable trades': '39.53%17/43', 'Profit factor': '3.075', 'Total trades': '43'}"
homily,Dragon hole ref,Chandelier 3 ATR,NASDAQ:PLTR,D,119.55,1.779,36.0,75.07,25.0,,1769.89,-1650.35,0.0803,17.01,102.53,0.0,32.35,0.11,0.85,"C | Palantir Technologies Inc. | 1D ‖ {'Total PnL': '+11,954.67USD+119.55%', 'Max drawdown': '7,506.63USD75.07%', 'Profitable trades': '36.00%9/25', 'Profit factor': '1.779', 'Total trades': '25'}"
homily,Dragon hole ref,Chandelier 3 ATR,NASDAQ:NVDA,D,277.99,2.531,34.78,36.85,46.0,,4359.89,-4081.9,0.1012,231.85,46.14,0.0,44.7,1.08,0.83,"C | NVIDIA Corporation | 1D ‖ {'Total PnL': '+27,799.08USD+277.99%', 'Max drawdown': '4,265.53USD36.85%', 'Profitable trades': '34.78%16/46', 'Profit factor': '2.531', 'Total trades': '46'}"
homily,Dragon hole ref,Chandelier 3 ATR,NASDAQ:INTC,D,62.66,1.388,30.95,99.63,42.0,,131.8,-69.14,0.0924,121.08,-58.42,0.0,24.43,0.02,0.89,"C | Intel Corporation | 1D ‖ {'Total PnL': '+6,266.42USD+62.66%', 'Max drawdown': '9,963.06USD99.63%', 'Profitable trades': '30.95%13/42', 'Profit factor': '1.388', 'Total trades': '42'}"
homily,Dragon hole ref,Chandelier 3 ATR,NASDAQ:IREN,D,224.1,2.125,29.17,32.86,24.0,,90.92,133.18,0.0951,-6.81,230.91,0.0,23.25,1.17,0.77,"C | IREN LIMITED | 1D ‖ {'Total PnL': '+22,410.25USD+224.10%', 'Max drawdown': '7,716.79USD32.86%', 'Profitable trades': '29.17%7/24', 'Profit factor': '2.125', 'Total trades': '24'}"
homily,Dragon hole ref,Chandelier 3 ATR,NASDAQ:ONDS,D,49.59,1.257,35.0,181.89,20.0,,-45.26,94.84,0.0485,-43.67,93.25,0.0,22.02,0.01,0.87,"C | Ondas Inc | 1D ‖ {'Total PnL': '+4,958.52USD+49.59%', 'Max drawdown': '18,189.05USD181.89%', 'Profitable trades': '35.00%7/20', 'Profit factor': '1.257', 'Total trades': '20'}"
homily,Dragon hole ref,Chandelier 3 ATR,NASDAQ:SLNH,D,346.27,2.178,33.33,45.07,39.0,,-94.96,441.23,0.0858,50.66,295.61,0.0,16.36,1.04,0.78,"C | Soluna Holdings, Inc. | 1D ‖ {'Total PnL': '+34,627.25USD+346.27%', 'Max drawdown': '11,740.66USD45.07%', 'Profitable trades': '33.33%13/39', 'Profit factor': '2.178', 'Total trades': '39'}"
homily,Dragon hole ref,Chandelier 3 ATR,NASDAQ:CLSK,D,424.57,2.342,41.03,28.52,39.0,,-8.99,433.56,0.087,37.02,387.54,0.0,17.99,1.69,0.75,"C | CleanSpark, Inc. | 1D ‖ {'Total PnL': '+42,456.55USD+424.57%', 'Max drawdown': '12,161.52USD28.52%', 'Profitable trades': '41.03%16/39', 'Profit factor': '2.342', 'Total trades': '39'}"
homily,Dragon hole C,Hole broke down,NASDAQ:MRNA,D,401.69,3.488,50.0,40.4,18.0,,728.17,-469.58,0.0443,77.13,181.51,0.0,35.4,0.79,0.78,"C | Moderna, Inc. | 1D ‖ {'Total PnL': '+40,169.30USD+401.69%', 'Max drawdown': '4,040.45USD40.40%', 'Profitable trades': '50.00%9/18', 'Profit factor': '3.488', 'Total trades': '18'}"
homily,Dragon hole C,Hole broke down,NASDAQ:PLTR,D,45.4,1.286,21.05,89.9,19.0,,1769.89,-1724.5,0.061,-9.72,55.11,0.0,34.42,0.01,0.89,"C | Palantir Technologies Inc. | 1D ‖ {'Total PnL': '+4,539.66USD+45.40%', 'Max drawdown': '8,989.54USD89.90%', 'Profitable trades': '21.05%4/19', 'Profit factor': '1.286', 'Total trades': '19'}"
homily,Dragon hole C,Hole broke down,NASDAQ:NVDA,D,314.5,4.604,50.0,16.31,20.0,,4359.89,-4045.72,0.044,227.58,86.65,0.0,47.67,1.47,0.77,"C | NVIDIA Corporation | 1D ‖ {'Total PnL': '+31,450.34USD+314.50%', 'Max drawdown': '2,830.94USD16.31%', 'Profitable trades': '50.00%10/20', 'Profit factor': '4.604', 'Total trades': '20'}"
homily,Dragon hole C,Hole broke down,NASDAQ:INTC,D,89.33,1.545,30.43,139.64,23.0,,131.8,-42.48,0.0506,-15.26,104.58,0.0,33.15,0.02,0.86,"C | Intel Corporation | 1D ‖ {'Total PnL': '+8,932.75USD+89.33%', 'Max drawdown': '13,963.90USD139.64%', 'Profitable trades': '30.43%7/23', 'Profit factor': '1.545', 'Total trades': '23'}"
homily,Dragon hole C,Hole broke down,NASDAQ:IREN,D,309.64,3.301,45.45,77.74,11.0,,90.92,218.72,0.0436,-33.13,342.77,0.0,37.43,0.11,0.82,"C | IREN LIMITED | 1D ‖ {'Total PnL': '+30,964.35USD+309.64%', 'Max drawdown': '7,774.36USD77.74%', 'Profitable trades': '45.45%5/11', 'Profit factor': '3.301', 'Total trades': '11'}"
homily,Dragon hole C,Hole broke down,NASDAQ:ONDS,D,388.6,3.212,36.36,173.91,11.0,,-45.26,433.86,0.0267,-26.14,414.74,0.0,30.38,0.01,0.88,"C | Ondas Inc | 1D ‖ {'Total PnL': '+38,860.05USD+388.60%', 'Max drawdown': '17,390.88USD173.91%', 'Profitable trades': '36.36%4/11', 'Profit factor': '3.212', 'Total trades': '11'}"
homily,Dragon hole C,Hole broke down,NASDAQ:SLNH,D,363.39,2.713,37.5,45.39,16.0,,-94.96,458.35,0.0352,7.19,356.19,0.0,29.25,0.44,0.81,"C | Soluna Holdings, Inc. | 1D ‖ {'Total PnL': '+36,338.59USD+363.39%', 'Max drawdown': '12,025.75USD45.39%', 'Profitable trades': '37.50%6/16', 'Profit factor': '2.713', 'Total trades': '16'}"
homily,Dragon hole C,Hole broke down,NASDAQ:CLSK,D,241.25,1.785,40.0,99.02,20.0,,-8.99,250.25,0.0446,-82.66,323.91,0.0,32.83,0.02,0.87,"C | CleanSpark, Inc. | 1D ‖ {'Total PnL': '+24,125.24USD+241.25%', 'Max drawdown': '10,963.01USD99.02%', 'Profitable trades': '40.00%8/20', 'Profit factor': '1.785', 'Total trades': '20'}"
homily,Dragon hole C,Chandelier 3 ATR,NASDAQ:MRNA,D,386.07,3.841,41.67,42.22,36.0,,728.17,-342.1,0.0887,100.68,285.4,0.0,23.63,1.01,0.77,"C | Moderna, Inc. | 1D ‖ {'Total PnL': '+38,607.44USD+386.07%', 'Max drawdown': '4,222.00USD42.22%', 'Profitable trades': '41.67%15/36', 'Profit factor': '3.841', 'Total trades': '36'}"
homily,Dragon hole C,Chandelier 3 ATR,NASDAQ:PLTR,D,106.46,1.81,31.82,75.07,22.0,,1769.89,-1663.43,0.0707,17.01,89.45,0.0,27.08,0.11,0.86,"C | Palantir Technologies Inc. | 1D ‖ {'Total PnL': '+10,646.05USD+106.46%', 'Max drawdown': '7,506.63USD75.07%', 'Profitable trades': '31.82%7/22', 'Profit factor': '1.81', 'Total trades': '22'}"
homily,Dragon hole C,Chandelier 3 ATR,NASDAQ:NVDA,D,208.25,2.658,30.0,29.52,30.0,,4359.89,-4151.64,0.066,231.85,-23.6,0.0,33.52,0.9,0.84,"C | NVIDIA Corporation | 1D ‖ {'Total PnL': '+20,825.04USD+208.25%', 'Max drawdown': '4,182.35USD29.52%', 'Profitable trades': '30.00%9/30', 'Profit factor': '2.658', 'Total trades': '30'}"
homily,Dragon hole C,Chandelier 3 ATR,NASDAQ:INTC,D,89.01,1.715,33.33,86.12,33.0,,131.8,-42.79,0.0726,116.21,-27.2,0.0,19.22,0.09,0.86,"C | Intel Corporation | 1D ‖ {'Total PnL': '+8,901.20USD+89.01%', 'Max drawdown': '8,611.85USD86.12%', 'Profitable trades': '33.33%11/33', 'Profit factor': '1.715', 'Total trades': '33'}"
homily,Dragon hole C,Chandelier 3 ATR,NASDAQ:IREN,D,237.62,2.193,26.09,33.21,23.0,,90.92,146.7,0.0912,-6.81,244.43,0.0,23.0,1.07,0.78,"C | IREN LIMITED | 1D ‖ {'Total PnL': '+23,762.03USD+237.62%', 'Max drawdown': '7,716.79USD33.21%', 'Profitable trades': '26.09%6/23', 'Profit factor': '2.193', 'Total trades': '23'}"
homily,Dragon hole C,Chandelier 3 ATR,NASDAQ:ONDS,D,46.9,1.292,38.89,154.2,18.0,,-45.26,92.16,0.0437,-15.97,62.87,0.0,21.24,0.01,0.84,"C | Ondas Inc | 1D ‖ {'Total PnL': '+4,689.66USD+46.90%', 'Max drawdown': '15,419.83USD154.20%', 'Profitable trades': '38.89%7/18', 'Profit factor': '1.292', 'Total trades': '18'}"
homily,Dragon hole C,Chandelier 3 ATR,NASDAQ:SLNH,D,298.93,2.036,32.35,49.31,34.0,,-94.96,393.89,0.0748,50.66,248.27,0.0,15.35,0.77,0.78,"C | Soluna Holdings, Inc. | 1D ‖ {'Total PnL': '+29,892.97USD+298.93%', 'Max drawdown': '11,227.67USD49.31%', 'Profitable trades': '32.35%11/34', 'Profit factor': '2.036', 'Total trades': '34'}"
homily,Dragon hole C,Chandelier 3 ATR,NASDAQ:CLSK,D,428.77,2.373,42.11,28.52,38.0,,-8.99,437.77,0.0848,37.02,391.75,0.0,17.89,1.87,0.73,"C | CleanSpark, Inc. | 1D ‖ {'Total PnL': '+42,877.37USD+428.77%', 'Max drawdown': '12,161.52USD28.52%', 'Profitable trades': '42.11%16/38', 'Profit factor': '2.373', 'Total trades': '38'}"
homily,Dragon hole D,Hole broke down,NASDAQ:MRNA,D,329.03,3.42,50.0,42.76,16.0,,728.17,-542.24,0.0394,78.52,107.46,0.0,29.51,0.69,0.77,"C | Moderna, Inc. | 1D ‖ {'Total PnL': '+32,903.37USD+329.03%', 'Max drawdown': '4,276.44USD42.76%', 'Profitable trades': '50.00%8/16', 'Profit factor': '3.42', 'Total trades': '16'}"
homily,Dragon hole D,Hole broke down,NASDAQ:PLTR,D,88.52,1.764,28.57,81.52,14.0,,1769.89,-1681.38,0.045,3.27,85.25,0.0,27.15,0.02,0.89,"C | Palantir Technologies Inc. | 1D ‖ {'Total PnL': '+8,851.54USD+88.52%', 'Max drawdown': '8,151.78USD81.52%', 'Profitable trades': '28.57%4/14', 'Profit factor': '1.764', 'Total trades': '14'}"
homily,Dragon hole D,Hole broke down,NASDAQ:NVDA,D,313.09,5.01,50.0,19.68,18.0,,4359.89,-4047.14,0.0396,227.58,85.23,0.0,43.93,1.36,0.76,"C | NVIDIA Corporation | 1D ‖ {'Total PnL': '+31,308.63USD+313.09%', 'Max drawdown': '3,265.44USD19.68%', 'Profitable trades': '50.00%9/18', 'Profit factor': '5.01', 'Total trades': '18'}"
homily,Dragon hole D,Hole broke down,NASDAQ:INTC,D,126.79,2.033,36.84,98.34,19.0,,131.8,-5.01,0.0418,-15.26,142.05,0.0,30.23,0.03,0.86,"C | Intel Corporation | 1D ‖ {'Total PnL': '+12,679.28USD+126.79%', 'Max drawdown': '9,833.58USD98.34%', 'Profitable trades': '36.84%7/19', 'Profit factor': '2.033', 'Total trades': '19'}"
homily,Dragon hole D,Hole broke down,NASDAQ:IREN,D,342.77,4.38,50.0,44.62,10.0,,90.92,251.85,0.0396,0.0,342.77,0.0,36.11,0.35,0.79,"C | IREN LIMITED | 1D ‖ {'Total PnL': '+34,277.17USD+342.77%', 'Max drawdown': '4,925.58USD44.62%', 'Profitable trades': '50.00%5/10', 'Profit factor': '4.38', 'Total trades': '10'}"
homily,Dragon hole D,Hole broke down,NASDAQ:ONDS,D,387.55,3.289,36.36,174.96,11.0,,-45.26,432.81,0.0267,-75.29,462.84,0.0,27.72,0.01,0.88,"C | Ondas Inc | 1D ‖ {'Total PnL': '+38,754.86USD+387.55%', 'Max drawdown': '17,496.07USD174.96%', 'Profitable trades': '36.36%4/11', 'Profit factor': '3.289', 'Total trades': '11'}"
homily,Dragon hole D,Hole broke down,NASDAQ:SLNH,D,395.59,3.199,40.0,58.57,15.0,,-94.96,490.55,0.033,7.19,388.39,0.0,28.47,0.18,0.83,"C | Soluna Holdings, Inc. | 1D ‖ {'Total PnL': '+39,558.75USD+395.59%', 'Max drawdown': '7,886.01USD58.57%', 'Profitable trades': '40.00%6/15', 'Profit factor': '3.199', 'Total trades': '15'}"
homily,Dragon hole D,Hole broke down,NASDAQ:CLSK,D,259.18,1.957,35.29,99.02,17.0,,-8.99,268.17,0.0379,-82.66,341.84,0.0,29.78,0.02,0.87,"C | CleanSpark, Inc. | 1D ‖ {'Total PnL': '+25,917.77USD+259.18%', 'Max drawdown': '10,963.01USD99.02%', 'Profitable trades': '35.29%6/17', 'Profit factor': '1.957', 'Total trades': '17'}"
homily,Dragon hole D,Chandelier 3 ATR,NASDAQ:MRNA,D,327.81,5.184,52.17,33.37,23.0,,728.17,-400.37,0.0567,113.37,214.43,0.0,18.57,1.28,0.75,"C | Moderna, Inc. | 1D ‖ {'Total PnL': '+32,780.51USD+327.81%', 'Max drawdown': '3,336.61USD33.37%', 'Profitable trades': '52.17%12/23', 'Profit factor': '5.184', 'Total trades': '23'}"
homily,Dragon hole D,Chandelier 3 ATR,NASDAQ:PLTR,D,157.49,3.047,42.86,37.93,14.0,,1769.89,-1612.4,0.045,30.08,127.41,0.0,24.22,0.66,0.8,"C | Palantir Technologies Inc. | 1D ‖ {'Total PnL': '+15,748.98USD+157.49%', 'Max drawdown': '3,792.52USD37.93%', 'Profitable trades': '42.86%6/14', 'Profit factor': '3.047', 'Total trades': '14'}"
homily,Dragon hole D,Chandelier 3 ATR,NASDAQ:NVDA,D,242.9,3.958,36.36,18.43,22.0,,4359.89,-4116.99,0.0484,231.85,11.05,0.0,30.23,1.09,0.83,"C | NVIDIA Corporation | 1D ‖ {'Total PnL': '+24,290.17USD+242.90%', 'Max drawdown': '3,523.52USD18.43%', 'Profitable trades': '36.36%8/22', 'Profit factor': '3.958', 'Total trades': '22'}"
homily,Dragon hole D,Chandelier 3 ATR,NASDAQ:INTC,D,130.21,2.658,37.5,53.93,24.0,,131.8,-1.6,0.0528,116.21,13.99,0.0,17.76,0.48,0.8,"C | Intel Corporation | 1D ‖ {'Total PnL': '+13,020.56USD+130.21%', 'Max drawdown': '5,620.08USD53.93%', 'Profitable trades': '37.50%9/24', 'Profit factor': '2.658', 'Total trades': '24'}"
homily,Dragon hole D,Chandelier 3 ATR,NASDAQ:IREN,D,239.78,2.264,25.0,37.81,20.0,,90.92,148.86,0.0793,0.0,239.78,0.0,22.26,0.85,0.8,"C | IREN LIMITED | 1D ‖ {'Total PnL': '+23,978.37USD+239.78%', 'Max drawdown': '8,770.62USD37.81%', 'Profitable trades': '25.00%5/20', 'Profit factor': '2.264', 'Total trades': '20'}"
homily,Dragon hole D,Chandelier 3 ATR,NASDAQ:ONDS,D,-75.67,0.497,31.25,150.55,16.0,,-45.26,-30.41,0.0388,-39.73,-35.94,0.0,15.87,0.0,0.84,"C | Ondas Inc | 1D ‖ {'Total PnL': '−7,566.99USD−75.67%', 'Max drawdown': '15,054.73USD150.55%', 'Profitable trades': '31.25%5/16', 'Profit factor': '0.497', 'Total trades': '16'}"
homily,Dragon hole D,Chandelier 3 ATR,NASDAQ:SLNH,D,343.77,2.565,31.82,43.99,22.0,,-94.96,438.73,0.0484,50.66,293.11,0.0,13.47,0.79,0.79,"C | Soluna Holdings, Inc. | 1D ‖ {'Total PnL': '+34,376.96USD+343.77%', 'Max drawdown': '8,029.61USD43.99%', 'Profitable trades': '31.82%7/22', 'Profit factor': '2.565', 'Total trades': '22'}"
homily,Dragon hole D,Chandelier 3 ATR,NASDAQ:CLSK,D,433.43,2.877,41.67,28.59,24.0,,-8.99,442.42,0.0535,31.87,401.56,0.0,14.99,1.5,0.75,"C | CleanSpark, Inc. | 1D ‖ {'Total PnL': '+43,342.82USD+433.43%', 'Max drawdown': '10,592.12USD28.59%', 'Profitable trades': '41.67%10/24', 'Profit factor': '2.877', 'Total trades': '24'}"
homily,Dragon hole E,Hole broke down,NASDAQ:MRNA,D,314.16,2.881,43.75,55.58,16.0,,728.17,-557.11,0.0394,77.73,93.38,0.0,29.41,0.3,0.83,"C | Moderna, Inc. | 1D ‖ {'Total PnL': '+31,416.44USD+314.16%', 'Max drawdown': '5,557.54USD55.58%', 'Profitable trades': '43.75%7/16', 'Profit factor': '2.881', 'Total trades': '16'}"
homily,Dragon hole E,Hole broke down,NASDAQ:PLTR,D,67.05,1.521,21.43,81.52,14.0,,1769.89,-1702.84,0.045,3.27,63.78,0.0,25.95,0.01,0.89,"C | Palantir Technologies Inc. | 1D ‖ {'Total PnL': '+6,705.11USD+67.05%', 'Max drawdown': '8,151.78USD81.52%', 'Profitable trades': '21.43%3/14', 'Profit factor': '1.521', 'Total trades': '14'}"
homily,Dragon hole E,Hole broke down,NASDAQ:NVDA,D,315.48,5.609,52.94,19.68,17.0,,4359.89,-4044.74,0.0374,77.25,237.95,0.0,40.32,1.13,0.75,"C | NVIDIA Corporation | 1D ‖ {'Total PnL': '+31,548.19USD+315.48%', 'Max drawdown': '3,265.44USD19.68%', 'Profitable trades': '52.94%9/17', 'Profit factor': '5.609', 'Total trades': '17'}"
homily,Dragon hole E,Hole broke down,NASDAQ:INTC,D,141.97,2.32,38.89,83.16,18.0,,131.8,10.16,0.0396,-15.26,157.22,0.0,29.77,0.12,0.81,"C | Intel Corporation | 1D ‖ {'Total PnL': '+14,196.76USD+141.97%', 'Max drawdown': '8,316.10USD83.16%', 'Profitable trades': '38.89%7/18', 'Profit factor': '2.32', 'Total trades': '18'}"
homily,Dragon hole E,Hole broke down,NASDAQ:IREN,D,357.44,4.524,50.0,32.9,10.0,,90.92,266.52,0.0396,0.0,357.44,0.0,33.06,0.58,0.78,"C | IREN LIMITED | 1D ‖ {'Total PnL': '+35,743.92USD+357.44%', 'Max drawdown': '4,925.58USD32.90%', 'Profitable trades': '50.00%5/10', 'Profit factor': '4.524', 'Total trades': '10'}"
homily,Dragon hole E,Hole broke down,NASDAQ:ONDS,D,387.01,3.558,40.0,156.95,10.0,,-45.26,432.27,0.0243,-75.29,462.3,0.0,26.75,0.01,0.88,"C | Ondas Inc | 1D ‖ {'Total PnL': '+38,701.41USD+387.01%', 'Max drawdown': '15,695.35USD156.95%', 'Profitable trades': '40.00%4/10', 'Profit factor': '3.558', 'Total trades': '10'}"
homily,Dragon hole E,Hole broke down,NASDAQ:SLNH,D,336.89,2.798,40.0,73.02,15.0,,-94.96,431.85,0.033,5.07,331.82,0.0,27.94,0.08,0.84,"C | Soluna Holdings, Inc. | 1D ‖ {'Total PnL': '+33,688.75USD+336.89%', 'Max drawdown': '7,886.01USD73.02%', 'Profitable trades': '40.00%6/15', 'Profit factor': '2.798', 'Total trades': '15'}"
homily,Dragon hole E,Hole broke down,NASDAQ:CLSK,D,170.19,1.686,37.5,99.02,16.0,,-8.99,179.19,0.0357,-82.66,252.85,0.0,29.14,0.01,0.88,"C | CleanSpark, Inc. | 1D ‖ {'Total PnL': '+17,019.35USD+170.19%', 'Max drawdown': '10,963.01USD99.02%', 'Profitable trades': '37.50%6/16', 'Profit factor': '1.686', 'Total trades': '16'}"
homily,Dragon hole E,Chandelier 3 ATR,NASDAQ:MRNA,D,320.64,5.467,52.38,46.53,21.0,,728.17,-407.53,0.0517,99.64,221.0,0.0,18.26,0.65,0.81,"C | Moderna, Inc. | 1D ‖ {'Total PnL': '+32,064.43USD+320.64%', 'Max drawdown': '4,652.54USD46.53%', 'Profitable trades': '52.38%11/21', 'Profit factor': '5.467', 'Total trades': '21'}"
homily,Dragon hole E,Chandelier 3 ATR,NASDAQ:PLTR,D,133.89,2.701,35.71,37.93,14.0,,1769.89,-1636.01,0.045,30.08,103.81,0.0,23.02,0.55,0.81,"C | Palantir Technologies Inc. | 1D ‖ {'Total PnL': '+13,388.89USD+133.89%', 'Max drawdown': '3,792.52USD37.93%', 'Profitable trades': '35.71%5/14', 'Profit factor': '2.701', 'Total trades': '14'}"
homily,Dragon hole E,Chandelier 3 ATR,NASDAQ:NVDA,D,243.27,4.267,38.1,18.43,21.0,,4359.89,-4116.62,0.0462,78.91,164.36,0.0,30.09,1.28,0.78,"C | NVIDIA Corporation | 1D ‖ {'Total PnL': '+24,326.98USD+243.27%', 'Max drawdown': '3,523.52USD18.43%', 'Profitable trades': '38.10%8/21', 'Profit factor': '4.267', 'Total trades': '21'}"
homily,Dragon hole E,Chandelier 3 ATR,NASDAQ:INTC,D,135.97,2.868,40.91,48.4,22.0,,131.8,4.16,0.0484,116.21,19.75,0.0,17.63,0.62,0.76,"C | Intel Corporation | 1D ‖ {'Total PnL': '+13,596.68USD+135.97%', 'Max drawdown': '5,043.95USD48.40%', 'Profitable trades': '40.91%9/22', 'Profit factor': '2.868', 'Total trades': '22'}"
homily,Dragon hole E,Chandelier 3 ATR,NASDAQ:IREN,D,288.57,3.048,31.25,25.54,16.0,,90.92,197.65,0.0634,0.0,288.57,0.0,21.52,1.03,0.79,"C | IREN LIMITED | 1D ‖ {'Total PnL': '+28,857.37USD+288.57%', 'Max drawdown': '6,622.44USD25.54%', 'Profitable trades': '31.25%5/16', 'Profit factor': '3.048', 'Total trades': '16'}"
homily,Dragon hole E,Chandelier 3 ATR,NASDAQ:ONDS,D,-87.59,0.389,33.33,141.03,15.0,,-45.26,-42.33,0.0364,-39.73,-47.85,0.0,14.96,0.0,0.85,"C | Ondas Inc | 1D ‖ {'Total PnL': '−8,758.58USD−87.59%', 'Max drawdown': '14,102.56USD141.03%', 'Profitable trades': '33.33%5/15', 'Profit factor': '0.389', 'Total trades': '15'}"
homily,Dragon hole E,Chandelier 3 ATR,NASDAQ:SLNH,D,325.59,2.753,36.84,37.62,19.0,,-94.96,420.55,0.0418,48.2,277.4,0.0,11.87,0.84,0.77,"C | Soluna Holdings, Inc. | 1D ‖ {'Total PnL': '+32,559.36USD+325.59%', 'Max drawdown': '8,029.61USD37.62%', 'Profitable trades': '36.84%7/19', 'Profit factor': '2.753', 'Total trades': '19'}"
homily,Dragon hole E,Chandelier 3 ATR,NASDAQ:CLSK,D,422.08,2.982,45.45,28.59,22.0,,-8.99,431.07,0.0491,31.87,390.21,0.0,14.69,1.49,0.73,"C | CleanSpark, Inc. | 1D ‖ {'Total PnL': '+42,208.08USD+422.08%', 'Max drawdown': '10,592.12USD28.59%', 'Profitable trades': '45.45%10/22', 'Profit factor': '2.982', 'Total trades': '22'}"
homily,Dragon hole F,Hole broke down,NASDAQ:MRNA,D,345.7,3.183,46.67,52.4,15.0,,728.17,-525.58,0.0369,77.13,125.51,0.0,27.93,0.23,0.83,"C | Moderna, Inc. | 1D ‖ {'Total PnL': '+34,569.66USD+345.70%', 'Max drawdown': '5,240.15USD52.40%', 'Profitable trades': '46.67%7/15', 'Profit factor': '3.183', 'Total trades': '15'}"
homily,Dragon hole F,Hole broke down,NASDAQ:PLTR,D,142.78,2.953,36.36,43.47,11.0,,1769.89,-1627.11,0.0353,14.97,127.81,0.0,25.68,0.27,0.83,"C | Palantir Technologies Inc. | 1D ‖ {'Total PnL': '+14,278.03USD+142.78%', 'Max drawdown': '4,346.81USD43.47%', 'Profitable trades': '36.36%4/11', 'Profit factor': '2.953', 'Total trades': '11'}"
homily,Dragon hole F,Hole broke down,NASDAQ:NVDA,D,45.54,2.188,25.0,21.2,4.0,,4359.89,-4314.36,0.0088,78.04,-32.5,0.0,6.8,0.03,0.89,"C | NVIDIA Corporation | 1D ‖ {'Total PnL': '+4,553.73USD+45.54%', 'Max drawdown': '3,898.85USD21.20%', 'Profitable trades': '25.00%1/4', 'Profit factor': '2.188', 'Total trades': '4'}"
homily,Dragon hole F,Hole broke down,NASDAQ:INTC,D,187.36,5.944,50.0,43.69,4.0,,131.8,55.56,0.0088,-21.44,208.81,0.0,10.41,0.06,0.86,"C | Intel Corporation | 1D ‖ {'Total PnL': '+18,736.06USD+187.36%', 'Max drawdown': '4,368.88USD43.69%', 'Profitable trades': '50.00%2/4', 'Profit factor': '5.944', 'Total trades': '4'}"
homily,Dragon hole F,Hole broke down,NASDAQ:IREN,D,309.64,3.301,45.45,77.74,11.0,,90.92,218.72,0.0436,-33.13,342.77,0.0,37.43,0.1,0.82,"C | IREN LIMITED | 1D ‖ {'Total PnL': '+30,964.35USD+309.64%', 'Max drawdown': '7,774.36USD77.74%', 'Profitable trades': '45.45%5/11', 'Profit factor': '3.301', 'Total trades': '11'}"
homily,Dragon hole F,Hole broke down,NASDAQ:ONDS,D,388.6,3.212,36.36,173.91,11.0,,-45.26,433.86,0.0267,-26.14,414.74,0.0,30.38,0.01,0.88,"C | Ondas Inc | 1D ‖ {'Total PnL': '+38,860.05USD+388.60%', 'Max drawdown': '17,390.88USD173.91%', 'Profitable trades': '36.36%4/11', 'Profit factor': '3.212', 'Total trades': '11'}"
homily,Dragon hole F,Hole broke down,NASDAQ:SLNH,D,323.09,2.343,37.5,83.95,16.0,,-94.96,418.05,0.0352,-8.51,331.6,0.0,28.09,0.06,0.86,"C | Soluna Holdings, Inc. | 1D ‖ {'Total PnL': '+32,308.89USD+323.09%', 'Max drawdown': '12,025.75USD83.95%', 'Profitable trades': '37.50%6/16', 'Profit factor': '2.343', 'Total trades': '16'}"
homily,Dragon hole F,Hole broke down,NASDAQ:CLSK,D,241.25,1.785,40.0,99.02,20.0,,-8.99,250.25,0.0446,-82.66,323.91,0.0,32.83,0.03,0.86,"C | CleanSpark, Inc. | 1D ‖ {'Total PnL': '+24,125.24USD+241.25%', 'Max drawdown': '10,963.01USD99.02%', 'Profitable trades': '40.00%8/20', 'Profit factor': '1.785', 'Total trades': '20'}"
homily,Dragon hole F,Chandelier 3 ATR,NASDAQ:MRNA,D,360.6,3.958,35.48,57.93,31.0,,728.17,-367.57,0.0764,100.68,259.92,0.0,16.93,0.45,0.86,"C | Moderna, Inc. | 1D ‖ {'Total PnL': '+36,060.33USD+360.60%', 'Max drawdown': '5,793.44USD57.93%', 'Profitable trades': '35.48%11/31', 'Profit factor': '3.958', 'Total trades': '31'}"
homily,Dragon hole F,Chandelier 3 ATR,NASDAQ:PLTR,D,162.86,3.652,38.46,29.45,13.0,,1769.89,-1607.03,0.0418,35.27,127.59,0.0,19.95,0.7,0.79,"C | Palantir Technologies Inc. | 1D ‖ {'Total PnL': '+16,286.35USD+162.86%', 'Max drawdown': '3,317.44USD29.45%', 'Profitable trades': '38.46%5/13', 'Profit factor': '3.652', 'Total trades': '13'}"
homily,Dragon hole F,Chandelier 3 ATR,NASDAQ:NVDA,D,49.75,2.64,50.0,16.62,4.0,,4359.89,-4310.15,0.0088,80.07,-30.33,0.0,6.3,0.07,0.88,"C | NVIDIA Corporation | 1D ‖ {'Total PnL': '+4,974.63USD+49.75%', 'Max drawdown': '2,985.56USD16.62%', 'Profitable trades': '50.00%2/4', 'Profit factor': '2.64', 'Total trades': '4'}"
homily,Dragon hole F,Chandelier 3 ATR,NASDAQ:INTC,D,134.86,4.571,25.0,33.64,8.0,,131.8,3.06,0.0176,108.07,26.79,0.0,4.47,0.22,0.85,"C | Intel Corporation | 1D ‖ {'Total PnL': '+13,486.25USD+134.86%', 'Max drawdown': '3,363.65USD33.64%', 'Profitable trades': '25.00%2/8', 'Profit factor': '4.571', 'Total trades': '8'}"
homily,Dragon hole F,Chandelier 3 ATR,NASDAQ:IREN,D,237.62,2.193,26.09,33.21,23.0,,90.92,146.7,0.0912,-6.81,244.43,0.0,23.0,1.1,0.78,"C | IREN LIMITED | 1D ‖ {'Total PnL': '+23,762.03USD+237.62%', 'Max drawdown': '7,716.79USD33.21%', 'Profitable trades': '26.09%6/23', 'Profit factor': '2.193', 'Total trades': '23'}"
homily,Dragon hole F,Chandelier 3 ATR,NASDAQ:ONDS,D,46.9,1.292,38.89,154.2,18.0,,-45.26,92.16,0.0437,-15.97,62.87,0.0,21.24,0.01,0.85,"C | Ondas Inc | 1D ‖ {'Total PnL': '+4,689.66USD+46.90%', 'Max drawdown': '15,419.83USD154.20%', 'Profitable trades': '38.89%7/18', 'Profit factor': '1.292', 'Total trades': '18'}"
homily,Dragon hole F,Chandelier 3 ATR,NASDAQ:SLNH,D,254.67,1.882,30.3,61.2,33.0,,-94.96,349.63,0.0726,-1.15,255.83,0.0,14.33,0.57,0.83,"C | Soluna Holdings, Inc. | 1D ‖ {'Total PnL': '+25,467.45USD+254.67%', 'Max drawdown': '11,227.67USD61.20%', 'Profitable trades': '30.30%10/33', 'Profit factor': '1.882', 'Total trades': '33'}"
homily,Dragon hole F,Chandelier 3 ATR,NASDAQ:CLSK,D,428.77,2.373,42.11,28.52,38.0,,-8.99,437.77,0.0848,37.02,391.75,0.0,17.89,1.82,0.72,"C | CleanSpark, Inc. | 1D ‖ {'Total PnL': '+42,877.37USD+428.77%', 'Max drawdown': '12,161.52USD28.52%', 'Profitable trades': '42.11%16/38', 'Profit factor': '2.373', 'Total trades': '38'}"
