account,date,url,tickers,numbers,signal,signal_p,direction,direction_p,has_numbers,conviction,text
dannycheng2022,2024-07-23T13:18:30.000Z,https://x.com/dannycheng2022/status/1815738260951625979,,1 1 1 2 3,candle_colour,0.92,neutral,0.98,0.03,0.29,"How to read my charts more accurately?  Box 1/Panel 1: Candle patterns  1. Red candle----a bullish signal, hinting that there is an uptrend in the shorter term.    2. Yellow candle---a bearish signal, implying that there is a downtrend in a shorter term.    3. Dark blue  https:// t.co/JbJYRDCVBB"
dannycheng2022,2026-09-19T12:55:16.000Z,https://x.com/dannycheng2022/status/2101294051836518529,$DRAM,19 2026,none,1.0,neutral,1.0,0.85,0.02,"$DRAM (September 19, 2026-Daily Chart)  DRAM Analy…"
dannycheng2022,2026-09-19T12:42:10.000Z,https://x.com/dannycheng2022/status/2101290753423184143,$ARM,19 2026,none,1.0,neutral,0.98,0.84,0.27,"MUST-READ: $ARM (September 19, 2026-Weekly Chart) …"
dannycheng2022,2026-09-19T12:27:09.000Z,https://x.com/dannycheng2022/status/2101286976146080098,$TSLA,19 2026,none,1.0,neutral,1.0,0.87,0.03,"$TSLA (September 19, 2026-Weekly Chart)  Trend Ana…"
dannycheng2022,2026-09-19T09:27:23.000Z,https://x.com/dannycheng2022/status/2101241736437915810,$AMD $NVDA $PLTR,3 1 2,none,1.0,bullish,0.99,0.04,2.34,"The 3 Easiest Stocks — And the Gurus Who Missed Them  These three stocks ( $PLTR ,  $NVDA  and  $AMD ) ARE, in my view, among the easiest to make money in.  1.  Get the analysis wrong and it means you don't even know the basic technical analysis. You need to start again from ABC!   2."
dannycheng2022,2026-09-19T09:05:47.000Z,https://x.com/dannycheng2022/status/2101236299038609849,$ETHA,19 2026,none,1.0,neutral,0.95,0.83,0.2,"MUST-READ: $ETHA (September 19, 2026-Daily Chart) …"
dannycheng2022,2026-09-19T08:56:49.000Z,https://x.com/dannycheng2022/status/2101234042750574879,$IBIT,19 2026,none,1.0,neutral,0.98,0.85,0.18,"MUST-READ: $IBIT (September 19, 2026-Daily Chart) …"
dannycheng2022,2026-09-19T08:33:40.000Z,https://x.com/dannycheng2022/status/2101228214882566527,$NOW $RBRK,19 2026,none,1.0,neutral,0.99,0.76,0.08,"SOFTWARE: $NOW and $RBRK (September 19, 2026-Weekl…"
dannycheng2022,2026-09-19T08:31:59.000Z,https://x.com/dannycheng2022/status/2101227794521068008,$AMD $NVDA $PLTR $TSM,66 2021 22 407 3 2026 65 2021 22 447 3 2026,none,0.99,bullish,0.77,0.78,1.55,"Conviction is not measured in months. It is tested across multi-year cycles.   $NVDA : -66% in 2021–22, then about +407% over 3 years into 2026.  $AMD : -65% in 2021–22, then about +447% over 3 years into 2026.  $TSM : -56% in 2022, then about +409% over 3 years into 2026.  $PLTR : -65%"
dannycheng2022,2026-09-19T08:23:21.000Z,https://x.com/dannycheng2022/status/2101225620919521789,,13 2026 1 50 70 50 70,none,0.97,bullish,0.46,0.39,1.2,"Keep it simple! MUST-READ: How to Use My Patreon Content (September 13, 2026)  1. Daily charts (50–70 stocks) I chart 50–70 stocks every day, depending on my availability. You do not need to review all of them. Focus only on names you hold or are interested in. Fresh bullish setups are marked"
dannycheng2022,2026-09-19T07:43:57.000Z,https://x.com/dannycheng2022/status/2101215704494252275,$SOFI,19 2026,none,1.0,neutral,1.0,0.85,0.02,"$SOFI (September 19, 2026-Weekly Chart)  SOFI Anal…"
dannycheng2022,2026-09-19T07:33:51.000Z,https://x.com/dannycheng2022/status/2101213162553164035,$AMD $PLTR,$60 $80 $120 $150 $180 $500 $300,none,0.54,bullish,0.67,0.96,1.46,You know the guy. He called  $PLTR  a crash to $60–$80. Then $120 was a bear trap. Then $150. Then $180. At some point the “trap” started looking a lot like a staircase. That’s why I sized up.  The same guy later decided  $AMD  was topping at $500 this cycle and heading to $300. I
dannycheng2022,2026-09-19T07:21:19.000Z,https://x.com/dannycheng2022/status/2101210007870296524,$MRNA,19 2026 1 $165.3 14 2026 $390 $380 $400 4,volatility_hole,1.0,neutral,0.22,0.98,1.06,"$MRNA  (September 19, 2026-Daily Chart)  Two things I would like to highlight. The most important: the last volatility hole is still in force in panel 1, and  $MRNA  remains trapped inside that volatility-hole price action. A consistent close above $165.3 would trigger a surge. A $MRNA (Jan 14, 2026-monthly chart)  In the previous bull cycle, I exited all my $MRNA shares at $390 due to the volatility hole forming in the $380–$400 zone. The downtrend that followed has now dragged on for 4 full ye"
dannycheng2022,2026-09-19T07:14:13.000Z,https://x.com/dannycheng2022/status/2101208223047139705,$RIOT,19 2026 0 31 2026 2022,candle_colour,0.97,bearish,0.75,0.93,0.75,"$RIOT  (September 19, 2026-Weekly Chart0  A yellow candle is as reliable as a red candle. Learn to focus on both if you are a trader. $RIOT (August 31, 2026-Weekly Chart)  The last bearish yellow candle shared in early July played out exactly as expected.   The pullback has continued since then, while the bullish red ribbon is tightening, accompanied by a steady decrease in whale accumulation.  x.com/dannycheng2022…"
dannycheng2022,2026-09-19T07:11:26.000Z,https://x.com/dannycheng2022/status/2101207523458158996,$HUT,19 2026,none,1.0,neutral,0.97,0.82,0.25,"MUST-READ: $HUT (September 19, 2026-Weekly Chart) …"
dannycheng2022,2026-09-19T07:02:12.000Z,https://x.com/dannycheng2022/status/2101205200002511169,$CLSK $MARA,19 2026,none,1.0,neutral,0.68,0.76,1.18,"MUST-READ: $CLSK and $MARA (September 19, 2026-Wee…"
dannycheng2022,2026-09-19T06:56:29.000Z,https://x.com/dannycheng2022/status/2101203758248071186,$MARA,19 2026 1 $12.5 $15.8 $16.3 $12.5 $15.8 $16.3,momentum_bar_level,0.71,bullish,0.99,0.97,0.96,"$MARA  (September 19, 2026-Weekly Chart)  The last two volatility holes marked the bottom ahead of each surge.   Three momentum bars now stand out in panel 1: $12.5, $15.8, and $16.3. $12.5 is acting as support, while $15.8 and $16.3 are acting as resistance. Whale accumulation:"
dannycheng2022,2026-09-19T06:52:13.000Z,https://x.com/dannycheng2022/status/2101202686934954029,$BMNR,19 2026,none,1.0,neutral,0.72,0.8,2.19,"MUST-READ: $BMNR (September 19, 2026-Daily and Wee…"
dannycheng2022,2026-09-19T06:45:52.000Z,https://x.com/dannycheng2022/status/2101201088305127910,$CIFR $IREN,19 2026,none,1.0,neutral,1.0,0.85,0.0,"$IREN and $CIFR (September 19, 2026-Weekly Charts)…"
dannycheng2022,2026-09-19T06:25:39.000Z,https://x.com/dannycheng2022/status/2101196001247945139,$IBRX,19 2026,momentum_bar_level,0.19,bullish,0.99,0.92,1.81,"$IBRX  (September 19, 2026-Daily Chart)  The uptrend resumed after the last red candle, together with the blue ribbon. Since then, momentum has picked up, with candles forming higher highs and higher lows. Each time price touched the lower boundary of the red ribbon, it rebounded."
sunxliao,2026-09-19T00:23:56.000Z,https://x.com/sunxliao/status/2101104969541951615,$ASST $BWET $CYPH $ZCSH,,none,1.0,neutral,0.53,0.03,0.53,I'm happy to hear that my ideas have changed lives in the past few days. 🙏  Thank you so much for your support.   $ASST   $BWET   $CYPH   $ZCSH
sunxliao,2026-09-19T15:52:23.000Z,https://x.com/sunxliao/status/2101338624432505143,$BDRY $BWET $DHT $ECO $EDRY $FRO $GLBS $HAFN,$1000 2 3 $483.25 80.47 10 1 $16.40 $464.93 $19.77 $67.79 $52.73,blue_diamond,0.76,bullish,1.0,0.97,2.7,"$BWET  maybe $1000 next? 🔷🫡  Had enough blue diamonds (need 2/3) since $483.25, up 80.47% in 10 days...  Let's see if we get any pink diamonds (1D) soon. $BWET up again today... 🚢  Tanker equities are long freight rates, and disruption raises freight rates... vessel owners benefit.  Here's the marine shipping theme:  $BDRY at $16.40 $BWET at $464.93 $DHT at $19.77 $ECO at $67.79 $EDRY at $52.73 $FRO at $44.38 $GLBS at $3.83 $HAFN  x.com/sunxliao/statu…"
sunxliao,2026-09-19T11:41:55.000Z,https://x.com/sunxliao/status/2101275591362367840,$ABCL,10 1 2 2,blue_diamond,1.0,bullish,1.0,0.05,1.67,Here's why  $ABCL  has a pristine blue diamond... let me explain. 🔷  The ticker must be in a strong and trending theme... biotech had a healthy correction and was due for a bounce.  Bullish blue diamonds should last for at least 10 candles (before flipping pink)...  Previous blue $ABCL pristine blue diamond (1D) setup... last 2 times led to approx 2X rally. 🔷  Will be interesting to watch... 🍿  x.com/sunxliao/statu…
sunxliao,2026-09-18T19:25:46.000Z,https://x.com/sunxliao/status/2101029937373479047,$ASST $BTC $CYPH $ZCSH $ZEC,,momentum_bar_level,0.97,bullish,1.0,0.05,2.03,"$CYPH  what if we just go higher... 🫡🔷  MAJOR breach of weekly silver resistance.  It can continue running even if  $ZEC  and  $ZCSH  takes a breather IMO, similar to  $ASST  running while  $BTC  chops. $CYPH is going to pull a move similar to $ASST IMO... must have a strong heart but those who embrace volatility will make it.  And congrats to everyone who listened!  Still bullish on both tickers BTW. Early.  x.com/sunxliao/statu…"
sunxliao,2026-09-18T15:28:31.000Z,https://x.com/sunxliao/status/2100970229610516536,$ASST $CYPH,,none,0.99,bullish,1.0,0.03,1.99,They will talk about this  $CYPH  and  $ASST  rally in the history books... 🔥🔥🔥 $CYPH is going to pull a move similar to $ASST IMO... must have a strong heart but those who embrace volatility will make it.  And congrats to everyone who listened!  Still bullish on both tickers BTW. Early.  x.com/sunxliao/statu…
sunxliao,2026-09-17T15:34:12.000Z,https://x.com/sunxliao/status/2100609270664626325,$ABCL $ASST $BFLY $BTC $BWET $CMPS $CYPH $IBIT $PURR $ZCSH $ZEC,$19.73 $28.93 47 $436.95 $786.23 80 $67.17 $112.80 68 $856.44 $1405 64,none,0.47,bullish,1.0,0.95,1.82,"I'm personally not ignoring the CYPH/ZECUSD ratio breaking out, similar to ASST/BTCUSD setup a few weeks ago. 🫡   $CYPH  and  $ZCSH , best  $ZEC  tickers   $ASST  and  $IBIT , best  $BTC  tickers CRAZY last few days... happy for followers who made BANK from my free ideas!  $ASST at $19.73, now $28.93... up 47% $BWET at $436.95, now $786.23... up 80% $ZCSH at $67.17, now $112.80... up 68% $ZEC at $856.44, now $1405... up 64%  And more $ABCL $BFLY $CMPS $PURR  Started x.com/sunxliao/statu…"
sunxliao,2026-09-17T15:09:27.000Z,https://x.com/sunxliao/status/2100603042639028513,$ABCL $ASST $BFLY $BWET $CMPS $PURR $ZCSH $ZEC,$19.73 $28.93 47 $436.95 $786.23 80 $67.17 $112.80 68 $856.44 $1405 64,blue_diamond,0.47,bullish,0.96,0.95,2.42,"$ABCL  never ignore pristine blue diamonds... will keep calling them out! CRAZY last few days... happy for followers who made BANK from my free ideas!  $ASST at $19.73, now $28.93... up 47% $BWET at $436.95, now $786.23... up 80% $ZCSH at $67.17, now $112.80... up 68% $ZEC at $856.44, now $1405... up 64%  And more $ABCL $BFLY $CMPS $PURR  Started x.com/sunxliao/statu…"
sunxliao,2026-09-17T15:04:40.000Z,https://x.com/sunxliao/status/2100601837774950878,$ABCL $ASST $BFLY $BWET $CMPS $CYPH $PURR $ZCSH $ZEC,$19.73 $28.93 47 $436.95 $786.23 80 $67.17 $112.80 68 $856.44 $1405 64,none,0.97,bullish,0.91,0.95,1.2,"$CYPH  reminds me of  $ASST  a few weeks ago... for those who like rollercoasters! CRAZY last few days... happy for followers who made BANK from my free ideas!  $ASST at $19.73, now $28.93... up 47% $BWET at $436.95, now $786.23... up 80% $ZCSH at $67.17, now $112.80... up 68% $ZEC at $856.44, now $1405... up 64%  And more $ABCL $BFLY $CMPS $PURR  Started x.com/sunxliao/statu…"
sunxliao,2026-09-17T14:21:47.000Z,https://x.com/sunxliao/status/2100591045704818768,$ABCL $ASST $BFLY $BWET $CMPS $PURR $ZCSH $ZEC,$19.73 $28.93 47 $436.95 $786.23 80 $67.17 $112.80 68 $856.44 $1405 64,none,0.84,bullish,1.0,0.93,2.01,"CRAZY last few days... happy for followers who made BANK from my free ideas!   $ASST  at $19.73, now $28.93... up 47%  $BWET  at $436.95, now $786.23... up 80%  $ZCSH  at $67.17, now $112.80... up 68%  $ZEC  at $856.44, now $1405... up 64%  And more  $ABCL   $BFLY   $CMPS   $PURR   Started Think $ZCSH and $ZEC will surprise a lot of people this cycle... insane strength. 🔷  x.com/sunxliao/statu…"
sunxliao,2026-09-17T13:57:11.000Z,https://x.com/sunxliao/status/2100584856757719345,$CYPH $ZCSH $ZEC,$2 3,momentum_bar_level,0.85,bullish,0.86,0.89,0.86,"Riskier than  $ZCSH , but CYPH/ZECUSD ratio trying to break out... would continue watching  $CYPH  here in $2-3 range. For those that like $ZCSH, the only $ZEC treasury stock is $CYPH. Good read. 👍  I believe it's Winklevoss-backed too. x.com/connorking/sta…"
dannycheng2022,2026-09-19T11:16:02.000Z,https://x.com/dannycheng2022/status/2101269079378350539,,10 15,volatility_hole,0.94,bullish,1.0,0.08,2.28,"The previous all time high, followed by a 10-15 percent surge if the upper boundary of the Weekly Volatility Hole is cleared."
dannycheng2022,2026-09-19T03:31:10.000Z,https://x.com/dannycheng2022/status/2101152092010565909,,19 2026 3 5,none,1.0,bearish,0.34,0.4,2.24,"Concentrate. Size Up in a Few Stocks. Ignore the Noise. (September 19, 2026)  Most retail investors drown in noise. I didn’t. I concentrated in 3-5 stocks, sized up when it mattered, and ignored the rest. That is how I made millions in each of them.  First, I bet against the"
dannycheng2022,2026-09-18T08:50:44.000Z,https://x.com/dannycheng2022/status/2100870122940600628,$TEM,18 2026 1 $40 $48.40 $52.50,volatility_hole,0.44,bullish,0.96,0.98,1.21,"$TEM  (September 18, 2026-Daily Chart)  The volatility hole, together with the descending blue ribbon in panel 1, marked the recent bottom at $40. From there  $TEM  began to rebuild momentum, even though price action stayed choppy.  Clears of the momentum bars at $48.40, $52.50, and"
dannycheng2022,2026-09-18T06:55:13.000Z,https://x.com/dannycheng2022/status/2100841054098333989,$DELL,18 2026 0 $600 1 1 2 3 $250 $260 3 2022,volatility_hole,0.82,bullish,1.0,0.97,3.0,"$DELL  (September 18, 2026-Daily Chart0  First target: $600 — coming soon.  Follow the buy signals highlighted in Panel 1 and stay with the move through the volatility.  Buy when: 1. Price breaks out of a volatility hole   2. You see a bullish red candle   3. A critical momentum $DELL is one of my lucky names. Bought the $250–$260 range. Doubled in four months. Shared it with Tier 3 before.  On the daily chart, every breakout from the volatility hole has been a clean buy and accumulation signal "
dannycheng2022,2026-09-18T03:40:59.000Z,https://x.com/dannycheng2022/status/2100792172442521869,$IBIT,18 2026,volatility_hole,0.85,neutral,0.99,0.91,0.0,"$IBIT  (September 18, 2026-Daily Chart)  Can  $IBIT  survive the last volatility hole and start another leg up — or will it go the other way?"
dannycheng2022,2026-09-17T01:50:48.000Z,https://x.com/dannycheng2022/status/2100402056414765186,$TSLA,17 2026 1 17.97 3,volatility_hole,0.99,bullish,1.0,0.91,1.27,"$TSLA  (September 17, 2026-Daily Chart)  Trend Analysis: The last volatility hole marked the recent bottom in panel 1, and momentum has been building since then. That shift is visible in whale accumulation, which has steadily risen and now sits at 17.97% in panel 3.  The daily"
dannycheng2022,2026-09-16T03:50:13.000Z,https://x.com/dannycheng2022/status/2100069719827222760,$ADBE,16 2026 $245 $249 $266 $275 11 2026,volatility_hole,0.94,bullish,0.79,0.98,1.69,"$ADBE  (September 16, 2026-Daily Chart)  The last volatility hole marked the completion of the cycle bottom, and momentum has built since then. The stock is in a pullback now. The momentum bars at $245–$249 should act as support. Near-term resistance is at $266 and $275. MUST-READ: The Proprietary Indicator which Printed Millions in My Top Core Stocks (September 11, 2026)  How to time a bottom with a Volatility Hole + descending blue ribbon in a downtrend?  This is not a “buy the exact tick” met"
dannycheng2022,2026-09-16T03:45:21.000Z,https://x.com/dannycheng2022/status/2100068495031763143,$CLSK,16 2026 3 16.9,volatility_hole,0.99,bearish,1.0,0.92,1.48,"$CLSK  (September 16, 2026-Daily Chart)  The last volatility hole marked the recent top. Since then,  $CLSK  has been making lower highs and lower lows. The gradual drop in whale accumulation in panel 3, now at 16.9%, explains the lack of price momentum."
dannycheng2022,2026-09-15T12:22:37.000Z,https://x.com/dannycheng2022/status/2099836281731879203,$IWM,15 2026 01,volatility_hole,0.99,neutral,0.59,0.89,0.21,"$IWM  (September 15, 2026-Daily Chart)  Does the recent Volatility Hole give us a ray of hope?   @cantonmeow    @chad_ventures    @redfoxryder    @HeidingOut    @StockPatternPro    @Jimmy_tesla_01"
dannycheng2022,2026-09-15T04:37:02.000Z,https://x.com/dannycheng2022/status/2099719115837677830,$OSCR,15 2026 2025 24 2026 $13 $18 2022,volatility_hole,0.98,bullish,1.0,0.97,2.31,"$OSCR  (September 15, 2026-Daily Chart)  Each breakout from each volatility hole served as a reliable buy signal, as it triggered a subsequent surge.  $OSCR  is one of the core stocks I have highlighted since 2025.   During the drawdown, most lost confidence and unsubscribed. If you $OSCR (June 24, 2026-daily chart update)  $OSCR has been one of the easiest stocks I’ve ever bought and held with conviction. From $13 to $18, I repeatedly shared multiple buy orders with my community as whales provi"
dannycheng2022,2026-09-15T02:30:09.000Z,https://x.com/dannycheng2022/status/2099687183796085024,$CRM,15 2026 $267.90 27 2026 2022,volatility_hole,1.0,bullish,0.97,0.98,1.26,"$CRM  (September 15, 2026-Daily Chart)  Can  $CRM  break above the upper boundary of the volatility hole at $267.90 and start another leg up? $CRM (August 27, 2026-Monthly Chart)  A Freebie for All!  My last tweet  (repost) about the volatility hole for $CRM successfully marked the bottom. If you missed it, it’s never too late. The monthly chart with the volatility hole still in force is another signal you shouldn’t  x.com/dannycheng2022…"
sunxliao,2026-01-09T15:34:41.000Z,https://x.com/sunxliao/status/2009650039900221536,,,,,,0,,,Space theme ripping a hole in the sky.  I think most are still undervalued. 📈 I continue to think the SpaceX IPO will lift all boats and create insane opportunities. 🫡  x.com/sunxliao/statu…
dannycheng2022,2026-09-19T04:56:05.000Z,https://x.com/dannycheng2022/status/2101173460106092750,,19 2026 3 90 5 8,none,1.0,neutral,0.76,0.42,2.23,"Concentration Beats Noise on X (September 19, 2026)  In a multi-million portfolio, I openly share my top 3 core stocks on X. Those three positions make up more than 90% of my holdings. With my community, I share my top 5 to top 8.  I learned to concentrate through experience and"
dannycheng2022,2026-09-17T12:24:00.000Z,https://x.com/dannycheng2022/status/2100561405506371936,,10 100,none,1.0,neutral,0.95,0.02,0.85,"Most people like small stocks for two simple reasons: you don’t need much money to start, and they carry the same lottery-ticket dream as crypto—maybe this one does 10x or 100x.   That dream is not impossible, but it is rare. Very few small names actually deliver those returns."
dannycheng2022,2026-09-13T08:18:21.000Z,https://x.com/dannycheng2022/status/2099050034881044597,$MNRA $MRNA,13 2026 $161 $128,volatility_hole,1.0,neutral,0.91,0.98,0.05,"$MRNA  (September 13, 2026-Daily Chart)  The last volatility hole is still in force, with an upper boundary at $161 and a lower boundary at $128. A close above the upper boundary of the volatility hole would likely trigger a surge, and vice versa. Let’s see if $MNRA can survive"
dannycheng2022,2026-09-13T06:39:11.000Z,https://x.com/dannycheng2022/status/2099025077228781741,,13 2026,none,1.0,neutral,1.0,0.18,2.01,"Invest Like an Owner, Not a Tourist (September 13, 2026)  A durable investing edge starts with mindset. The goal is long-term ownership, not constant activity. Trading in and out does not guarantee better returns; it often just creates busyness with little to show for it. The"
dannycheng2022,2026-09-11T02:08:53.000Z,https://x.com/dannycheng2022/status/2098232280808563034,,11 2026,volatility_hole,0.88,bullish,0.9,0.34,1.67,"MUST-READ: The Proprietary Indicator which Printed Millions in My Top Core Stocks (September 11, 2026)  How to time a bottom with a Volatility Hole + descending blue ribbon in a downtrend?  This is not a “buy the exact tick” method. It is a process. On a daily chart it can take"
dannycheng2022,2026-09-09T15:10:55.000Z,https://x.com/dannycheng2022/status/2097704307420471516,$DELL,$250 $260 3 3 22 $257 $259 2022,volatility_hole,0.91,bullish,1.0,0.97,2.3,"$DELL  is one of my lucky names. Bought the $250–$260 range. Doubled in four months. Shared it with Tier 3 before.  On the daily chart, every breakout from the volatility hole has been a clean buy and accumulation signal because the surge usually follows.  Learn to read my signal. I shared my buy signal for $DELL with the Tier 3 community in premarket on May 22 and successfully entered in the $257–$259 range. People often ask me why I bought in premarket. The reason is simple: when my two propri"
dannycheng2022,2026-09-08T03:08:06.000Z,https://x.com/dannycheng2022/status/2097160018428875134,$IBRX,8 2026 $10.5 $6.08,volatility_hole,0.99,neutral,0.95,0.98,0.06,"$IBRX  (September 8, 2026-Weekly Chart)   $IBRX  remains trapped inside the last volatility hole, bounded by $10.5 on the upside and $6.08 on the downside. A close above the upper boundary would likely trigger a surge; a break below the lower boundary would result in a plummet."
dannycheng2022,2026-09-08T03:02:31.000Z,https://x.com/dannycheng2022/status/2097158612628259043,$PURR,8 2026 $13.47 $11.16,volatility_hole,1.0,neutral,0.35,0.98,0.33,"$PURR  (September 8, 2026-Daily Chart)  The last volatility hole remains in force, with the upper boundary at $13.47 and the lower boundary at $11.16.  A consistent close above the upper boundary would likely trigger another leg higher or a fresh surge while a close below the"
dannycheng2022,2026-09-06T05:28:26.000Z,https://x.com/dannycheng2022/status/2096470560012451890,$DELL,6 2026 $166 3 22 $257 $259 2022,volatility_hole,0.99,bullish,1.0,0.98,2.34,"$DELL  (September 6, 2026-Weekly Chart)   $DELL  is another clean example of how a break above the upper boundary of a volatility hole often triggers the next surge. The first upper boundary sat at $166. Once price cleared that level to the upside, the move expanded all the way to I shared my buy signal for $DELL with the Tier 3 community in premarket on May 22 and successfully entered in the $257–$259 range. People often ask me why I bought in premarket. The reason is simple: when my two propri"
dannycheng2022,2026-09-06T04:32:55.000Z,https://x.com/dannycheng2022/status/2096456588580315536,$OSCR,6 2026 $11 $23 1,momentum_bar_level,0.53,bullish,0.89,0.97,0.65,"$OSCR  (September 6, 2026-Weekly Chart)   $OSCR  spent two years consolidating inside the white box on the weekly chart, holding support in the $11 range and testing resistance near $23 four times with no clear direction. That changed with the highlighted breakout candle in panel 1,"
dannycheng2022,2026-09-04T02:42:26.000Z,https://x.com/dannycheng2022/status/2095704008157774081,$IBIT,4 2026,volatility_hole,0.94,bullish,0.62,0.9,0.61,"$IBIT  (September 4, 2026-Daily Chart)  A Freebie for All!  The last volatility hole marked the early bottoming stage, followed by choppy sideways consolidation. Once the breakout hit as the bullish red ribbon appeared, the surge followed. Now let’s see whether  $IBIT  can survive"
dannycheng2022,2026-05-06T03:01:57.000Z,https://x.com/dannycheng2022/status/2051859987979538926,,,,,,0,,,"Diamond Rolex, por favor 🙏"
dannycheng2022,2024-09-23T14:42:47.000Z,https://x.com/dannycheng2022/status/1838227517234401608,,,,,,0,,,The majority are patiently waiting for the dd (diamond dip).
dannycheng2022,2024-07-04T09:31:36.000Z,https://x.com/dannycheng2022/status/1808795788195107006,$TSLA,18086 86123 54961 0012,none,0.91,bullish,0.36,0.06,0.25,Will  $TSLA  give us a diamond? Let’s find out more abut how whales create the trend for us retail to jump in on daily to weekly charts!  https:// x.com/openskiesx/sta /openskiesx/status/1808686123549610012 …
dannycheng2022,2023-12-08T02:56:55.000Z,https://x.com/dannycheng2022/status/1732957398535745595,,,,,,0,,,Garbage is always garbage while diamond will outshine others always.
dannycheng2022,2026-05-27T03:20:44.000Z,https://x.com/dannycheng2022/status/2059474858963275791,$BB,27 2026 $4.5 $5.5 40 000,none,0.78,bearish,0.1,0.97,2.01,"$BB  (May 27, 2026-daily chart)  True diamond hands are extremely rare!  I want to sincerely apologize for recommending  $BB  in the $4.5–$5.5 range to the community. I backed up my conviction by buying 40,000 shares myself in that range. Unfortunately, the stock pulled back sharply"
sunxliao,2026-09-15T23:58:00.000Z,https://x.com/sunxliao/status/2100011282925846856,$ABCL $ARKG $BFLY,1 2 2 4,blue_diamond,1.0,bullish,0.96,0.09,1.14,"$ABCL  pristine blue diamond (1D) setup... last 2 times led to approx 2X rally. 🔷  Will be interesting to watch... 🍿 A lot of biotech tickers getting triple blue diamonds (4H) after a deep correction...  $ARKG (theme ETF) should confirm this before the weekend, with a durable reclaim of our Startup gold zone.  Would start watching $ABCL $BFLY and several others I'll chart soon. 🧬🫡"
sunxliao,2026-09-15T22:59:48.000Z,https://x.com/sunxliao/status/2099996634734371186,$ASST $BTC $IBIT $ZCSH $ZEC,4 4 5 1 2,blue_diamond,0.53,bullish,1.0,0.05,2.9,"A quick  $BTC  capitulation will create the ideal conditions for a second monthly blue diamond appearing IMO. 🔷🫡  The market might be giving us the final opportunity to top off our Q4 DCA, before the cycle really gets going.   $ASST   $IBIT   $ZCSH   $ZEC  the shopping list is absolutely Pay attention to Bitcoin $BTC $IBIT  Simple 4-5X over the next 1-2 years IMO... life changing gains are possible ONLY if timing the ""big buy"" properly.  Keep checking back here... 🫡  x.com/sunxliao/statu…"
sunxliao,2026-09-15T14:21:00.000Z,https://x.com/sunxliao/status/2099866076368818226,$BWET,4 2 8,pink_diamond,0.91,bullish,0.97,0.06,1.53,$BWET  finally seeing the first pink diamond on the 4H timeframe... could get a healthy gold support retest... congrats to all  Still up almost 2X since the blue diamond.  Will keep updating as usual. 🫡 $BWET up another 8% to new all time highs and now going blue sky... 😅  Blue diamonds don't expire until the next pink diamond... very simple. 🔷📈  x.com/sunxliao/statu…
sunxliao,2026-09-15T14:08:52.000Z,https://x.com/sunxliao/status/2099863023133524053,$BFLY,20,blue_diamond,1.0,neutral,0.05,0.13,0.34,"$BFLY  down over 20% since the Startup white diamond, but I noticed the first blue diamond in almost a month.  Will update if I see another one! 🔷🫡"
sunxliao,2026-09-14T14:50:43.000Z,https://x.com/sunxliao/status/2099511166901145946,$AAOI $AEHR $AMD $AXTI $BE $CIFR $INTC $IREN $KEEL $MU,2 $79 $80 $452 $47 $204 $12 $88 $38 $2,blue_diamond,0.91,bullish,0.99,0.96,1.96,"Wouldn't want to miss the next  $CIFR  weekly blue diamond... last one gave it almost 2X... will be watching closely. 🔷 The future is on sale... pay attention!  My ""don't think just buy"" high timeframe zones, via our Startup indicator suite:  $AAOI around $79 $AEHR around $80 $AMD around $452 $AXTI around $47 $BE around $204 $CIFR around $12 $INTC around $88 $IREN around $38 $KEEL around $2 $MU"
sunxliao,2026-09-14T12:28:13.000Z,https://x.com/sunxliao/status/2099475303932584245,$DFTX,,blue_diamond,0.99,bullish,0.94,0.03,1.6,$DFTX  pink diamonds played out and I'm seeing the first blue diamond... 🔷🫡  Lots of biotech tickers got VERY healthy corrections and look bullish to me now.  Don't forget that AI doesn't have to be the only trade... tons of other themes.
sunxliao,2026-09-14T00:22:17.000Z,https://x.com/sunxliao/status/2099292615288258690,$ASST $BTC $IBIT,122,blue_diamond,0.3,bullish,1.0,0.14,1.68,"$ASST  will update if I see a pink diamond this week... would just mean a retest of the gold zone (buying opportunity IMO).  Gotta notice the strength last week... dips will be shallow at best, most likely.  Want to buy  $BTC  and  $IBIT  dips too. $ASST is now up over 122% in a few weeks since our Startup blue diamond came in... it also perfectly respected the silver level I highlighted.  If this gets a pink diamond in the coming days, I think it would be a very good buying opportunity.  Will u"
sunxliao,2026-09-11T16:51:41.000Z,https://x.com/sunxliao/status/2098454444841324993,$ASST $BTC $IBIT,,blue_diamond,0.99,bullish,0.98,0.06,1.49,$ASST  invalidated triangle and still has the blue diamond from wayyy lower... 🔥 Notice the $ASST strength on a day like today... seems to be hinting that the $BTC and $IBIT correction is almost over IMO.  x.com/sunxliao/statu…
sunxliao,2026-09-11T15:12:59.000Z,https://x.com/sunxliao/status/2098429603979329984,$KEEL,3,blue_diamond,0.98,bullish,0.99,0.05,0.96,"Not enough people paying attention to  $KEEL  right now... last weekly blue diamond gave it a ~3X rally, think we could possibly get one soon again... 🔷  Will keep monitoring the neocloud recovery."
dannycheng2022,2026-09-18T06:23:43.000Z,https://x.com/dannycheng2022/status/2100833126973095975,$TWLO,18 2026 0 1 87.89,none,0.46,bullish,1.0,0.87,1.46,"$TWLO  (September 18, 2026-Daily Chart0  Every time a new red ribbon has successfully unfolded in panel 1, the stock has taken a step higher. The bullish red ribbon is now about to unfold, provided whale accumulation remains strong and steady (currently at 87.89%).  The momentum"
dannycheng2022,2026-09-18T02:59:49.000Z,https://x.com/dannycheng2022/status/2100781814558364082,$AMD,$457 $486,momentum_bar_level,1.0,bullish,0.96,0.95,1.97,$AMD  “topping out”?  Most big accounts told you  $AMD  was topping out. My chart showed the opposite for months: sideways consolidation that gave anyone who missed the move a huge window to add and accumulate.  The momentum bars at $457 and $486 were the last clean opportunities.
dannycheng2022,2026-09-14T03:18:21.000Z,https://x.com/dannycheng2022/status/2099336926285472081,$SMCI,14 2026 20 $23.7 $24.5,volatility_hole,1.0,neutral,0.7,0.98,0.46,"$SMCI  (September 14, 2026-Daily Chart)  The last two volatility holes, together with the different ribbons, have been spot-on and have acted as reliable buy and sell signals.  The most recent volatility hole appeared on July 20 while  $SMCI  traded between $23.7 and $24.5, marking"
dannycheng2022,2026-09-13T03:29:18.000Z,https://x.com/dannycheng2022/status/2098977292064297448,$ASTS,13 2026 1 $58 $72 $81 $58 $72 $72 $81 $58,momentum_bar_level,0.99,neutral,1.0,0.98,0.01,"$ASTS  (September 13, 2026-Weekly Chart)  Three momentum bars stand out in Panel 1: $58, $72, and $81. ASTS remains range-bound between $58 and $72 with no clear direction yet. A break above $72 would put the next bar at $81 in play as mid-term resistance. A break below $58 would"
dannycheng2022,2026-09-12T07:29:57.000Z,https://x.com/dannycheng2022/status/2098675468480491845,$ETHA,12 2026 $18.4 $22.8 $32.9,momentum_bar_level,1.0,bullish,1.0,0.97,2.19,"$ETHA  (September 12, 2026-Weekly Chart)  The longest momentum bar at $18.4 has been cleared this week, with the two more critical ones at $22.8 and $32.9 still to be cleared—just a matter of time. The bullish red ribbon points to a mid-term trend reversal, as long as whale"
dannycheng2022,2026-09-11T04:49:17.000Z,https://x.com/dannycheng2022/status/2098272644617613651,$APP,11 2026 $298 $300 $300 $322 $325.80 $391.20,momentum_bar_level,0.99,neutral,0.87,0.98,0.57,"$APP  (September 11, 2026-Weekly Chart)   $APP  needs to hold the $298–$300 support zone in the coming weeks. It is currently consolidating between $300 and $322.   First resistance is the momentum bar at $325.80, with mid-term resistance at $391.20."
dannycheng2022,2026-09-11T04:21:48.000Z,https://x.com/dannycheng2022/status/2098265727673536992,$MSFT,11 2026 2 11 2026,volatility_hole,1.0,bullish,0.22,0.78,1.0,"$MSFT  (September 11, 2026-Weekly Chart)  Trend Analysis:  The 2 Volatility holes have been remarkably accurate. The first volatility hole, aligned with the red ribbon, timed the cycle top with precision.   The second, together with the blue ribbon, marked the early stage of MUST-READ: The Proprietary Indicator which Printed Millions in My Top Core Stocks (September 11, 2026)  How to time a bottom with a Volatility Hole + descending blue ribbon in a downtrend?  This is not a “buy the exact tick”"
dannycheng2022,2026-09-10T06:15:34.000Z,https://x.com/dannycheng2022/status/2097931972735869294,$KOPSI,10 2026 3 41.1,candle_colour,0.98,bullish,1.0,0.92,1.73,"$KOPSI (September 10, 2026-Daily Chart)  The last trend-reversal red candle was the first buy signal, and it has been spot on. Momentum has built since then, with whale accumulation in panel 3 rising steadily to 41.1%.  Price action remains choppy, but the bullish red ribbon is"
dannycheng2022,2026-09-10T05:50:10.000Z,https://x.com/dannycheng2022/status/2097925579161157910,$AMD,10 2026 2025 2025 $110 $200 2022,none,0.89,bullish,1.0,0.96,2.53,"$AMD  (September 10, 2026-Daily Chart)  Remember who showed you the  $AMD  bullish setup in 2025 while retail was scared and skeptical — and who told you to hold the full cycle instead of trading in and out, so you didn’t miss the parabolic move while most fake furus were calling This post from July 2025 aged well. When I saw the bullish setup in $AMD, I shared it with the community first and then we accumulated from $110 to $200 amid retail fear and skepticim.  Thank you to my community who tru"
dannycheng2022,2026-09-08T02:44:50.000Z,https://x.com/dannycheng2022/status/2097154164065546718,$INTC,8 2026 $80 $90 1 2 2022,candle_colour,0.41,bullish,1.0,0.97,1.98,"$INTC   (September 8, 2026-Daily Chart)   $INTC  spent two months building a base between $80 and $90. I shared the last bullish candle (highlighted in panel 1) with the community on September 2. Since then, momentum has been building, reflected in a steady rise in whale Don't miss the bullish ticker $INTC. x.com/dannycheng2022…"
dannycheng2022,2026-09-07T15:10:54.000Z,https://x.com/dannycheng2022/status/2096979528325492826,$IBIT,7 2026 3 45.72,volatility_hole,1.0,bullish,0.99,0.97,2.7,"$IBIT  (September 7, 2026-Weekly Chart)  The 3 volatility holes accurately predicted the topping and bottoming signals. The last two volatility holes with the red ribbons signaled topping, while the last one with the blue ribbon hinted at early bottoming, followed by a false There will be nothing stopping this bull market once $IBIT reclaims 45.72 as support. Almost there"
dannycheng2022,2026-09-06T07:52:57.000Z,https://x.com/dannycheng2022/status/2096506927127916636,$SPCX,6 2026 7 2026 2022,volatility_hole,0.97,bullish,1.0,0.93,1.88,"$SPCX  Daily Chart: How Volatility Holes, Momentum Bars, and Whale Accumulation Mark the Buy Zone (September 6, 2026)  Trend Analysis: The last volatility hole marked the bottom perfectly. Momentum has been building since then, shown by the steady rise in whale accumulation on $SPCX (August 7, 2026-Daily Chart Update)  A Freebie for All.  x.com/dannycheng2022…"
dannycheng2022,2026-09-05T15:31:46.000Z,https://x.com/dannycheng2022/status/2096260006631166350,$IBIT,5 2026 3 2024 2026,volatility_hole,1.0,bearish,0.92,0.91,1.29,"$IBIT  (September 5, 2026-Weekly Chart)  There are 3 volatility holes on the weekly chart from November 2024 to September 2026.The first two, together with the bullish red ribbon, marked the top and the last cycle high!  The last one, together with the blue ribbon (downtrend),"
dannycheng2022,2026-09-15T12:17:36.000Z,https://x.com/dannycheng2022/status/2099835021343486059,,3 10,none,1.0,neutral,0.92,0.03,1.26,I do not touch the long-term book for 3 to 10 years. That idea is foreign to almost everyone. Daily price action is noise. It does not move my emotions and it does not cost me sleep. The moment I care is when retail fear is extreme or the market is falling hard. That is the only
dannycheng2022,2026-09-15T05:29:19.000Z,https://x.com/dannycheng2022/status/2099732273017032916,,20 15 2026 2000 2008 2018 2020 2022,none,1.0,neutral,1.0,0.52,0.28,"Size, Cycles, and Proof: What 20+ Years in Markets Actually Taught Me (September 15, 2026)  After more than two decades in markets—through the 2000 dot-com bust, 2008 financial crisis, 2018 the trade-war scare, 2020 Covid, and the 2022 bear—I have learned that most people lose"
dannycheng2022,2026-09-12T04:37:06.000Z,https://x.com/dannycheng2022/status/2098631966438400206,,12 2026 40 50,none,1.0,neutral,1.0,0.55,2.83,"Concentration Beats Everything (September 12, 2026)  I don’t need 40 to or 50 companies to succeed. First, I cannot put one or two million dollars into each of them anyway. I would rather own five to ten businesses and put real capital where I have actually done the work.  The"
dannycheng2022,2026-09-12T04:17:14.000Z,https://x.com/dannycheng2022/status/2098626970041176366,$AMD,12 $300 2025 $110 $200 2022,none,0.84,bullish,1.0,0.97,2.29,"$AMD  (September 12, Daily Chart Update)  Most accounts on X said  $AMD  would plunge to $300. I kept reassuring my community that the near-term odds of that were not that high. Whales and institutions have been eager to load up, and the market has already given us multiple chances This post from July 2025 aged well. When I saw the bullish setup in $AMD, I shared it with the community first and then we accumulated from $110 to $200 amid retail fear and skepticim.  Thank you to my community who t"
dannycheng2022,2026-09-11T15:05:00.000Z,https://x.com/dannycheng2022/status/2098427596551733739,$AMD $NVDA,7.65 2.72 11 2025 $86.40 $235 15 2026 2.72 $76.48 $584.73 2,none,0.95,bullish,0.94,0.98,2.25,"WHALES ALREADY PICKED THE WINNER — AMD 7.65x vs NVDA 2.72x FROM THE SAME CYCLE LOW  Same cycle low: April 11, 2025  $NVDA  $86.40 → $235 on May 15, 2026 = 2.72x    $AMD  $76.48 → $584.73 on July 2, 2026 = 7.65x  Whales have already picked the leader with price action. Did you make"
dannycheng2022,2026-09-11T06:40:40.000Z,https://x.com/dannycheng2022/status/2098300676417937584,,,,,,0,,,"Follow genuine accounts, do the fundamentals, track whales and have regular meeting with real whales (that is what I have been doing)."
dannycheng2022,2026-09-10T06:56:50.000Z,https://x.com/dannycheng2022/status/2097942355529924759,$AMD $NVDA,10 2026 2023 2025,none,1.0,bullish,0.96,0.9,1.75,"$NVDA  last cycle.  $AMD  this cycle. Same playbook. (September 10, 2026)   Last cycle I went heavy on  $NVDA  in Jan 2023. This cycle, from May 2025, I told my community I was doing the same thing and went heavy with  $AMD , amid retail fear and skepticism. Sorry that I didn’t catch"
dannycheng2022,2026-09-09T03:24:15.000Z,https://x.com/dannycheng2022/status/2097526472240173371,,9 2026 1,none,1.0,bullish,0.36,0.17,1.83,"The people who miss generational wealth all make the same five mistakes (September 9, 2026)  1. People waiting for a lower low The market does not care about your emotions. On discounts, many institutions and whales keep buying but most retail investors keep waiting for cheaper"
dannycheng2022,2026-09-09T01:39:23.000Z,https://x.com/dannycheng2022/status/2097500080970617337,$PLTR,$110 $130 $187.94 2022 20745 44196 69497 4745 20 3 1 3,none,0.5,bullish,1.0,0.93,1.98,"I have accumulated  $PLTR  from $110 to $130 over the past few months before most charts turned bullish. Momentum then accelerated and the stock ran up to $187.94.   https:// x.com/dannycheng2022 /status/2074544196694974745?s=20 …  I’ll keep accumulating if the whales give us another discount at the levels I shared with Over the past few weeks, I’ve shared my $PLTR buy orders with my Tier 3 community and highlighted all the bullish signals in my daily and weekly “MUST-READ” posts—available to Ti"
dannycheng2022,2026-09-07T08:53:41.000Z,https://x.com/dannycheng2022/status/2096884599406411892,,5 7 2026 6 2026,volatility_hole,0.95,bullish,0.98,0.64,2.44,"I Bought the Ugliest Charts—That Is How I Made Millions in Each of My Top 5 Core Stocks. (September 7, 2026)  Introduction: I use the Volatility Hole and the descending blue ribbon to time bottoms and build large positions. This is how I made millions in each of my conviction The setups I bought when nobody wanted them (September 6, 2026)  Finding the right stocks when everyone hates them is hard. Fundamentals alone are not enough. You also need the guts to buy the ugliest charts with real size,"
dannycheng2022,2026-09-06T06:04:02.000Z,https://x.com/dannycheng2022/status/2096479518143996332,,6 2026,none,1.0,neutral,0.89,0.6,2.35,"Follow Whales, not Retail (September 6, 2026)  In a bull cycle, I follow whales and institutions, not retail.  Retail cannot compete on fundamentals. We lack the capital, staff, resources and access. The data we get is usually outdated. We never have the latest numbers, and we do"
dannycheng2022,2026-09-04T11:46:00.000Z,https://x.com/dannycheng2022/status/2095840800328302763,$HOOD $NOW $PLTR $SOFI,5 1,none,0.88,bullish,1.0,0.04,1.59,"My 5-month accumulation in  $PLTR ,  $HOOD ,  $NOW  and  $SOFI  is complete — unless the whales offer a massive discount again.  I’m adding more to names that are nearing the Stage 1 base. I’ve been sharing them in Weekly Insights over the past few weeks and will highlight them again"
dannycheng2022,2026-09-03T08:00:46.000Z,https://x.com/dannycheng2022/status/2095421730152161731,$AMD $PLTR,,none,1.0,bullish,0.78,0.03,1.18,"Transparency is everything. I don’t mind averaging up or down on my core stocks,  $PLTR  and  $AMD , as long as whales keep offering discounts.   Not showing off — this is a small amount in Hong Kong. Long-term investing still works best for me. Most people on X miss that because"
dannycheng2022,2026-09-03T04:52:30.000Z,https://x.com/dannycheng2022/status/2095374351281615002,,6 1 2,none,1.0,bullish,0.95,0.04,1.64,"I don’t time the bottom. Few can. I DCA for months — sometimes a year — into my own high-conviction stocks. Institutions and whales often create a multi-month buying window while they accumulate before the next rally. That’s the window I wait for and use. MUST-READ: Weekday Insights- Most Stocks Do Nothing for Months — And That’s Exactly When Winners Are Made   Good stocks often go nowhere for 6 months, sometimes even 1–2 years, before their real breakout. As a genuine long-term investor, my big"
dannycheng2022,2026-09-02T10:45:00.000Z,https://x.com/dannycheng2022/status/2095100672773689549,$TSLA,2 2026 1 2,volatility_hole,0.94,bullish,0.69,0.88,0.85,"$TSLA  (September 2, 2026-Daily Chart)  How to read my chart more accurately?  1. A volatility hole together with a descending blue ribbon is an early bottoming signal. Weaker stocks usually need two or three of these holes; stronger names often need only one.  2. After this"
dannycheng2022,2026-08-31T05:54:39.000Z,https://x.com/dannycheng2022/status/2094302828785438927,$NVDA $PLTR,$50 $60,none,0.85,bullish,1.0,0.86,1.94,"I get asked every day if I should buy more  $PLTR  and  $NVDA .  Last time I posted my  $PLTR  accumulation on X transparently and showed you what a decent size means while retail was panicking, almost every indicator was bearish and when all fake furus told you to wait for $50-$60."
dannycheng2022,2026-08-30T10:04:35.000Z,https://x.com/dannycheng2022/status/2094003338337472619,$HOOD $PLTR $SE $SYM,3 92.5 4 $80 $38 $120 $51 $97 $53 $43 $10 400,momentum_bar_level,0.46,bullish,0.98,0.97,2.93,"If prices dropped to these levels, I would buy aggressively. Whales don't really care much about Elliott Waves or retail logic. DCAing at strong support and following the right indicators made me millions in each of my top 3 core holdings—which make up over 92.5% of my portfolio! These are the 4 hottest stocks on my future watchlist.  Including the buy zones I’m waiting for:  $HOOD — $80 to $38  $PLTR — $120 to $51  $SE — $97 to $53  $SYM — $43 to $10  All four stocks offer at least 400% upside "
dannycheng2022,2026-08-30T02:58:57.000Z,https://x.com/dannycheng2022/status/2093896224021856582,,30 2026,none,1.0,neutral,0.98,0.44,2.47,"Concentration Builds Financial Freedom (August 30, 2026)  In multi-million portfolios like mine and Lee’s  @sheslee , we could have spread capital evenly across dozens of names, the way I used to see it done at many prestigious private banks. That approach would NEVER have produced"
dannycheng2022,2026-08-29T07:18:35.000Z,https://x.com/dannycheng2022/status/2093599175124582837,$GLD,29 2026 $360 $426.58,volatility_hole,0.88,bullish,0.74,0.98,0.59,"$GLD  (August 29, 2026-Weekly Chart)  Did the last volatility hole, along with the blue ribbon that appeared in the $360 range in late July, mark the bottom for  $GLD ?   Closing above its upper boundary at $426.58 would likely start a new uptrend — if the whales cooperate."
dannycheng2022,2026-08-28T16:04:34.000Z,https://x.com/dannycheng2022/status/2093369157349957693,$HIMS $IBIT $IGV $PYPL $SPCX,1,volatility_hole,1.0,bullish,0.99,0.06,1.99,"More examples of how volatility holes along the descending blue ribbons helped our community time the bottoms:  $IBIT ,  $PYPL ,  $HIMS , and  $SPCX .  The pattern is consistent. Once you recognize it, you can get ready for the discounts, size up with conviction, and stay patient through My favorite and most accurate indicator is the combination of a volatility hole with the descending blue ribbon. This setup is especially effective for identifying the early stages of a bottoming process.  The f"
dannycheng2022,2026-08-28T03:00:00.000Z,https://x.com/dannycheng2022/status/2093171712993251692,,,,,,0,,,They are the most generous guys in the world who don’t mind donating to whales!
sunxliao,2025-07-28T20:04:07.000Z,https://x.com/sunxliao/status/1949923846414348524,$SQNS,,momentum_bar_level,0.43,neutral,0.49,0.04,0.44,$SQNS  #SQNS when magenta support breaks (with pink in all panes and whales disappearing)... 🐳
sunxliao,2025-07-21T18:38:05.000Z,https://x.com/sunxliao/status/1947365479678394534,$IREN,,none,0.45,bullish,0.37,0.04,0.84,$IREN  #IREN no pink yet! 🔷🫡  Whales just hit new local highs too...  Locked in and watching closely.
sunxliao,2025-07-16T15:03:55.000Z,https://x.com/sunxliao/status/1945499643938210206,$YHC,,blue_diamond,0.99,bullish,0.86,0.03,1.23,"$YHC  #YHC LQR House as requested! 🔷  Seeing blue in ALL panes, with a blue diamond.  This is phase before whales come in IMO.  Will update ASAP if I see a pink diamond or any squares, triangles, or circles... 🫡"
